,,,,,Unemployment_Rate : Total
Region, Date, Frequency, Estimated Unemployment Rate (%), Estimated Employed, Estimated Labour Participation Rate (%)
Andhra Pradesh, 31-01-2019, M, 5.21, 17525876.00, 43.83
Andhra Pradesh, 28-02-2019, M, 5.76, 15705618.00, 39.46
Andhra Pradesh, 31-03-2019, M, 5.17, 16300531.00, 40.64
Andhra Pradesh, 30-04-2019, M, 4.02, 17501776.00, 43.05
Andhra Pradesh, 31-05-2019, M, 4.36, 16787801.00, 41.38
Andhra Pradesh, 30-06-2019, M, 3.27, 16580510.00, 40.35
Andhra Pradesh, 31-07-2019, M, 4.29, 16744148.00, 41.12
Andhra Pradesh, 31-08-2019, M, 3.68, 17028869.00, 41.50
Andhra Pradesh, 30-09-2019, M, 5.41, 16990761.00, 42.11
Andhra Pradesh, 31-10-2019, M, 3.86, 16791781.00, 40.88
Andhra Pradesh, 30-11-2019, M, 5.14, 16066455.00, 39.59
Andhra Pradesh, 31-12-2019, M, 5.39, 17442360.00, 43.03
Andhra Pradesh, 31-01-2020, M, 5.48, 16635535.00, 41.02
Andhra Pradesh, 29-02-2020, M, 5.83, 16545652.00, 40.90
Andhra Pradesh, 31-03-2020, M, 5.79, 15881197.00, 39.18
Andhra Pradesh, 30-04-2020, M, 20.51, 11336911.00, 33.10
Andhra Pradesh, 31-05-2020, M, 17.43, 12988845.00, 36.46
Andhra Pradesh, 30-06-2020, M, 3.31, 19805400.00, 47.41
Andhra Pradesh, 31-07-2020, M, 8.34, 15431615.00, 38.91
Andhra Pradesh, 31-08-2020, M, 6.96, 15251776.00, 37.83
Andhra Pradesh, 30-09-2020, M, 6.40, 15220312.00, 37.47
Andhra Pradesh, 31-10-2020, M, 6.64, 15140379.00, 37.32
Andhra Pradesh, 30-11-2020, M, 6.02, 15478231.00, 37.84
Andhra Pradesh, 31-12-2020, M, 6.71, 15854431.00, 39.00
Andhra Pradesh, 31-01-2021, M, 4.48, 16516412.00, 39.62
Andhra Pradesh, 28-02-2021, M, 3.74, 16736552.00, 39.78
Andhra Pradesh, 31-03-2021, M, 5.88, 15752408.00, 38.24
Andhra Pradesh, 30-04-2021, M, 4.91, 15834266.00, 37.99
Andhra Pradesh, 31-05-2021, M, 12.83, 15092065.00, 39.44
Andhra Pradesh, 30-06-2021, M, 7.43, 15559239.00, 38.24
Andhra Pradesh, 31-07-2021, M, 8.68, 15485255.00, 38.52
Andhra Pradesh, 31-08-2021, M, 6.49, 16159788.00, 39.20
Andhra Pradesh, 30-09-2021, M, 6.07, 16977784.00, 40.94
Andhra Pradesh, 31-10-2021, M, 5.37, 15875697.00, 37.95
Andhra Pradesh, 30-11-2021, M, 6.33, 15849249.00, 38.22
Andhra Pradesh, 31-12-2021, M, 5.62, 16915954.00, 40.43
Andhra Pradesh, 31-01-2022, M, 6.17, 15675627.00, 37.63
Andhra Pradesh, 28-02-2022, M, 7.10, 15515845.00, 37.57
Andhra Pradesh, 31-03-2022, M, 9.16, 15285329.00, 37.79
Andhra Pradesh, 30-04-2022, M, 5.30, 16598072.00, 39.31
Andhra Pradesh, 31-05-2022, M, 4.37, 15968048.00, 37.39
Andhra Pradesh, 30-06-2022, M, 4.48, 14926433.00, 34.95
Andhra Pradesh, 31-07-2022, M, 5.81, 15624639.00, 37.04
Andhra Pradesh, 31-08-2022, M, 5.97, 16017287.00, 37.98
Andhra Pradesh, 30-09-2022, M, 4.76, 16293437.00, 38.09
Assam, 31-01-2019, M, 5.11, 12518130.00, 52.28
Assam, 28-02-2019, M, 5.36, 10314086.00, 43.12
Assam, 31-03-2019, M, 6.78, 11068934.00, 46.88
Assam, 30-04-2019, M, 5.00, 11349197.00, 47.07
Assam, 31-05-2019, M, 4.75, 13421041.00, 55.41
Assam, 30-06-2019, M, 5.87, 10570564.00, 44.07
Assam, 31-07-2019, M, 4.10, 11651371.00, 47.59
Assam, 31-08-2019, M, 6.49, 10887620.00, 45.51
Assam, 30-09-2019, M, 5.07, 13044829.00, 53.61
Assam, 31-10-2019, M, 5.76, 9991084.00, 41.27
Assam, 30-11-2019, M, 4.91, 11333409.00, 46.31
Assam, 31-12-2019, M, 0.88, 10209749.00, 39.95
Assam, 31-01-2020, M, 4.66, 13051904.00, 52.98
Assam, 29-02-2020, M, 4.41, 10088268.00, 40.77
Assam, 31-03-2020, M, 4.77, 11542888.00, 46.73
Assam, 30-04-2020, M, 11.06, 6830817.00, 29.55
Assam, 31-05-2020, M, 9.55, 11367897.00, 48.26
Assam, 30-06-2020, M, 0.60, 9095944.00, 35.07
Assam, 31-07-2020, M, 3.77, 10286757.00, 40.88
Assam, 31-08-2020, M, 5.53, 9781310.00, 39.52
Assam, 30-09-2020, M, 1.19, 14107641.00, 54.38
Assam, 31-10-2020, M, 3.02, 11949329.00, 46.84
Assam, 30-11-2020, M, 3.98, 10901371.00, 43.07
Assam, 31-12-2020, M, 7.64, 10482404.00, 42.97
Assam, 31-01-2021, M, 1.53, 13177962.00, 50.57
Assam, 28-02-2021, M, 1.65, 11283161.00, 43.27
Assam, 31-03-2021, M, 1.06, 11122329.00, 42.31
Assam, 30-04-2021, M, 0.19, 10349575.00, 38.95
Assam, 31-05-2021, M, 0.05, 15248170.00, 57.19
Assam, 30-06-2021, M, 0.62, 10234141.00, 38.53
Assam, 31-07-2021, M, 1.90, 11247012.00, 42.81
Assam, 31-08-2021, M, 6.65, 10228186.00, 40.83
Assam, 30-09-2021, M, 3.51, 16133085.00, 62.18
Assam, 31-10-2021, M, 3.70, 11196548.00, 43.15
Assam, 30-11-2021, M, 4.12, 10476421.00, 40.47
Assam, 31-12-2021, M, 5.82, 11737225.00, 46.07
Assam, 31-01-2022, M, 8.52, 14568405.00, 58.75
Assam, 28-02-2022, M, 10.15, 10223787.00, 41.90
Assam, 31-03-2022, M, 7.69, 10042536.00, 39.98
Assam, 30-04-2022, M, 1.18, 10925256.00, 40.55
Assam, 31-05-2022, M, 8.24, 14572896.00, 58.13
Assam, 30-06-2022, M, 17.19, 9265409.00, 40.87
Assam, 31-07-2022, M, 3.69, 10310079.00, 39.03
Assam, 30-09-2022, M, 0.41, 11392110.00, 41.54
Bihar, 31-01-2019, M, 8.69, 27289779.00, 39.17
Bihar, 28-02-2019, M, 11.47, 26749981.00, 39.53
Bihar, 31-03-2019, M, 11.29, 26382051.00, 38.82
Bihar, 30-04-2019, M, 12.19, 25018247.00, 37.11
Bihar, 31-05-2019, M, 10.58, 27351666.00, 39.76
Bihar, 30-06-2019, M, 10.58, 27346572.00, 39.66
Bihar, 31-07-2019, M, 13.80, 26308621.00, 39.50
Bihar, 31-08-2019, M, 11.84, 25254973.00, 36.99
Bihar, 30-09-2019, M, 10.10, 26983170.00, 38.68
Bihar, 31-10-2019, M, 12.66, 27226568.00, 40.08
Bihar, 30-11-2019, M, 13.07, 25527075.00, 37.68
Bihar, 31-12-2019, M, 10.73, 25892391.00, 37.13
Bihar, 31-01-2020, M, 10.61, 26397671.00, 37.72
Bihar, 29-02-2020, M, 10.29, 26281655.00, 37.35
Bihar, 31-03-2020, M, 15.43, 25717519.00, 38.69
Bihar, 30-04-2020, M, 46.64, 16046236.00, 38.17
Bihar, 31-05-2020, M, 45.96, 16280203.00, 38.16
Bihar, 30-06-2020, M, 17.82, 23963933.00, 36.86
Bihar, 31-07-2020, M, 12.79, 24989370.00, 36.14
Bihar, 31-08-2020, M, 13.44, 23795534.00, 34.59
Bihar, 30-09-2020, M, 11.91, 26902907.00, 38.35
Bihar, 31-10-2020, M, 9.82, 25693252.00, 35.70
Bihar, 30-11-2020, M, 9.98, 26021204.00, 36.14
Bihar, 31-12-2020, M, 12.65, 24393328.00, 34.84
Bihar, 31-01-2021, M, 10.50, 28016910.00, 38.97
Bihar, 28-02-2021, M, 11.47, 25685968.00, 36.05
Bihar, 31-03-2021, M, 14.60, 25734604.00, 37.36
Bihar, 30-04-2021, M, 11.54, 24727431.00, 34.58
Bihar, 31-05-2021, M, 13.83, 27342817.00, 39.17
Bihar, 30-06-2021, M, 10.50, 25380747.00, 34.94
Bihar, 31-07-2021, M, 13.02, 25373093.00, 35.86
Bihar, 31-08-2021, M, 13.61, 23991739.00, 34.06
Bihar, 30-09-2021, M, 9.97, 26732995.00, 36.34
Bihar, 31-10-2021, M, 13.88, 24875414.00, 35.28
Bihar, 30-11-2021, M, 14.80, 24569436.00, 35.14
Bihar, 31-12-2021, M, 15.98, 23821810.00, 34.48
Bihar, 31-01-2022, M, 13.26, 25633718.00, 35.86
Bihar, 28-02-2022, M, 13.89, 24601362.00, 34.60
Bihar, 31-03-2022, M, 14.45, 24069800.00, 34.00
Bihar, 30-04-2022, M, 21.05, 23784643.00, 36.33
Bihar, 31-05-2022, M, 13.26, 26704592.00, 37.04
Bihar, 30-06-2022, M, 13.98, 24402703.00, 34.06
Bihar, 31-07-2022, M, 18.82, 24153766.00, 35.64
Bihar, 31-08-2022, M, 12.78, 23052532.00, 31.59
Bihar, 30-09-2022, M, 11.43, 27318209.00, 36.79
Chhattisgarh, 31-01-2019, M, 7.87, 8346885.00, 42.35
Chhattisgarh, 28-02-2019, M, 7.29, 8719835.00, 43.88
Chhattisgarh, 31-03-2019, M, 3.71, 9034510.00, 43.67
Chhattisgarh, 30-04-2019, M, 3.44, 8596924.00, 41.35
Chhattisgarh, 31-05-2019, M, 9.80, 8482147.00, 43.57
Chhattisgarh, 30-06-2019, M, 8.06, 8800644.00, 44.26
Chhattisgarh, 31-07-2019, M, 5.48, 9039059.00, 44.11
Chhattisgarh, 31-08-2019, M, 5.08, 9000093.00, 43.64
Chhattisgarh, 30-09-2019, M, 8.63, 8800594.00, 44.23
Chhattisgarh, 31-10-2019, M, 7.80, 9340935.00, 46.42
Chhattisgarh, 30-11-2019, M, 4.23, 9284214.00, 44.32
Chhattisgarh, 31-12-2019, M, 5.44, 8984824.00, 43.34
Chhattisgarh, 31-01-2020, M, 9.65, 8552172.00, 43.08
Chhattisgarh, 29-02-2020, M, 8.38, 9195114.00, 45.58
Chhattisgarh, 31-03-2020, M, 7.54, 9302317.00, 45.59
Chhattisgarh, 30-04-2020, M, 3.41, 7600448.00, 35.58
Chhattisgarh, 31-05-2020, M, 10.50, 6991217.00, 35.23
Chhattisgarh, 30-06-2020, M, 14.23, 7332807.00, 38.48
Chhattisgarh, 31-07-2020, M, 10.27, 8620294.00, 43.14
Chhattisgarh, 31-08-2020, M, 5.63, 9050422.00, 42.97
Chhattisgarh, 30-09-2020, M, 1.99, 9158315.00, 41.77
Chhattisgarh, 31-10-2020, M, 6.66, 8589223.00, 41.05
Chhattisgarh, 30-11-2020, M, 3.38, 8705350.00, 40.10
Chhattisgarh, 31-12-2020, M, 7.20, 8391157.00, 40.15
Chhattisgarh, 31-01-2021, M, 6.38, 8828785.00, 41.78
Chhattisgarh, 28-02-2021, M, 5.99, 8882237.00, 41.77
Chhattisgarh, 31-03-2021, M, 2.69, 8580167.00, 38.89
Chhattisgarh, 30-04-2021, M, 3.04, 9463460.00, 42.96
Chhattisgarh, 31-05-2021, M, 8.03, 9313760.00, 44.47
Chhattisgarh, 30-06-2021, M, 2.57, 9485491.00, 42.66
Chhattisgarh, 31-07-2021, M, 3.25, 8798367.00, 39.76
Chhattisgarh, 31-08-2021, M, 3.78, 8832789.00, 40.04
Chhattisgarh, 30-09-2021, M, 4.44, 8730656.00, 39.76
Chhattisgarh, 31-10-2021, M, 3.05, 9273796.00, 41.54
Chhattisgarh, 30-11-2021, M, 1.78, 9674618.00, 42.68
Chhattisgarh, 31-12-2021, M, 2.15, 9178194.00, 40.55
Chhattisgarh, 31-01-2022, M, 2.95, 8500938.00, 37.78
Chhattisgarh, 28-02-2022, M, 1.71, 9017314.00, 39.49
Chhattisgarh, 31-03-2022, M, 0.62, 9213563.00, 39.81
Chhattisgarh, 30-04-2022, M, 0.63, 9182412.00, 39.60
Chhattisgarh, 31-05-2022, M, 0.83, 9158045.00, 39.48
Chhattisgarh, 30-06-2022, M, 1.19, 9264047.00, 39.99
Chhattisgarh, 31-07-2022, M, 0.81, 9384653.00, 40.27
Chhattisgarh, 31-08-2022, M, 0.36, 9509955.00, 40.53
Chhattisgarh, 30-09-2022, M, 0.15, 9412226.00, 39.94
Delhi, 31-01-2019, M, 12.18, 6006259.00, 45.07
Delhi, 28-02-2019, M, 11.56, 5456349.00, 40.57
Delhi, 31-03-2019, M, 13.05, 5471499.00, 41.28
Delhi, 30-04-2019, M, 8.37, 5615928.00, 40.11
Delhi, 31-05-2019, M, 12.32, 5925960.00, 44.12
Delhi, 30-06-2019, M, 12.67, 5699248.00, 42.50
Delhi, 31-07-2019, M, 14.58, 5559698.00, 42.28
Delhi, 31-08-2019, M, 13.61, 5687918.00, 42.67
Delhi, 30-09-2019, M, 20.38, 5808310.00, 47.16
Delhi, 31-10-2019, M, 12.49, 6179875.00, 45.54
Delhi, 30-11-2019, M, 15.96, 5618368.00, 43.01
Delhi, 31-12-2019, M, 11.23, 5864011.00, 42.40
Delhi, 31-01-2020, M, 22.23, 5805284.00, 47.79
Delhi, 29-02-2020, M, 14.84, 5856307.00, 43.92
Delhi, 31-03-2020, M, 17.04, 5553805.00, 42.65
Delhi, 30-04-2020, M, 16.68, 3119274.00, 23.80
Delhi, 31-05-2020, M, 42.27, 2632404.00, 28.91
Delhi, 30-06-2020, M, 18.19, 4418914.00, 34.17
Delhi, 31-07-2020, M, 20.30, 4291053.00, 33.97
Delhi, 31-08-2020, M, 13.79, 4850107.00, 35.41
Delhi, 30-09-2020, M, 12.53, 4958373.00, 35.59
Delhi, 31-10-2020, M, 6.27, 4842698.00, 32.36
Delhi, 30-11-2020, M, 6.57, 5058039.00, 33.83
Delhi, 31-12-2020, M, 7.56, 5341068.00, 36.01
Delhi, 31-01-2021, M, 12.51, 5157974.00, 36.65
Delhi, 28-02-2021, M, 7.99, 5176344.00, 34.90
Delhi, 31-03-2021, M, 9.41, 5123006.00, 35.00
Delhi, 30-04-2021, M, 27.32, 4160172.00, 35.33
Delhi, 31-05-2021, M, 45.56, 2879334.00, 32.56
Delhi, 30-06-2021, M, 8.80, 5089957.00, 34.28
Delhi, 31-07-2021, M, 10.70, 5013429.00, 34.40
Delhi, 31-08-2021, M, 11.57, 5058858.00, 34.97
Delhi, 30-09-2021, M, 16.81, 5232193.00, 38.35
Delhi, 31-10-2021, M, 10.97, 5389286.00, 36.82
Delhi, 30-11-2021, M, 9.30, 4983968.00, 33.34
Delhi, 31-12-2021, M, 9.84, 5180463.00, 34.77
Delhi, 31-01-2022, M, 14.08, 5363152.00, 37.68
Delhi, 28-02-2022, M, 9.31, 5359184.00, 35.59
Delhi, 31-03-2022, M, 8.86, 5171901.00, 34.09
Delhi, 30-04-2022, M, 11.18, 5376548.00, 36.28
Delhi, 31-05-2022, M, 13.64, 5432451.00, 37.60
Delhi, 30-06-2022, M, 10.22, 5337256.00, 35.45
Delhi, 31-07-2022, M, 8.92, 5215741.00, 34.06
Delhi, 31-08-2022, M, 8.17, 5421723.00, 35.03
Delhi, 30-09-2022, M, 9.62, 5641051.00, 36.94
Goa, 31-01-2019, M, 7.45, 481283.00, 41.17
Goa, 28-02-2019, M, 7.08, 475535.00, 40.47
Goa, 31-03-2019, M, 8.87, 463645.00, 40.19
Goa, 30-04-2019, M, 9.30, 509668.00, 44.34
Goa, 31-05-2019, M, 2.82, 444196.00, 36.03
Goa, 30-06-2019, M, 10.66, 474485.00, 41.81
Goa, 31-07-2019, M, 11.80, 447804.00, 39.93
Goa, 31-08-2019, M, 3.67, 426879.00, 34.81
Goa, 30-09-2019, M, 3.53, 458583.00, 37.30
Goa, 31-10-2019, M, 10.44, 467704.00, 40.93
Goa, 30-11-2019, M, 24.66, 431101.00, 44.80
Goa, 31-12-2019, M, 11.80, 465309.00, 41.26
Goa, 31-01-2020, M, 8.89, 416750.00, 35.73
Goa, 29-02-2020, M, 2.81, 478068.00, 38.38
Goa, 31-03-2020, M, 5.25, 411761.00, 33.88
Goa, 30-04-2020, M, 13.31, 500614.00, 44.97
Goa, 31-05-2020, M, 21.25, 378244.00, 37.36
Goa, 30-06-2020, M, 9.96, 489111.00, 42.21
Goa, 31-07-2020, M, 17.07, 458876.00, 42.94
Goa, 31-08-2020, M, 16.21, 473016.00, 43.76
Goa, 30-09-2020, M, 15.38, 425004.00, 38.89
Goa, 31-10-2020, M, 10.95, 388583.00, 33.75
Goa, 30-11-2020, M, 15.88, 376472.00, 34.58
Goa, 31-12-2020, M, 13.20, 439150.00, 39.05
Goa, 31-01-2021, M, 16.01, 424096.00, 38.93
Goa, 28-02-2021, M, 20.58, 438421.00, 42.51
Goa, 31-03-2021, M, 22.08, 393170.00, 38.81
Goa, 30-04-2021, M, 25.73, 366499.00, 37.92
Goa, 31-05-2021, M, 20.49, 450287.00, 43.47
Goa, 30-06-2021, M, 17.89, 405565.00, 37.87
Goa, 31-07-2021, M, 21.71, 398314.00, 38.96
Goa, 31-08-2021, M, 12.61, 459677.00, 40.24
Goa, 30-09-2021, M, 7.44, 413634.00, 34.15
Goa, 31-10-2021, M, 12.03, 420856.00, 36.51
Goa, 30-11-2021, M, 12.65, 413392.00, 36.08
Goa, 31-12-2021, M, 11.99, 392368.00, 33.95
Goa, 31-01-2022, M, 11.58, 399352.00, 34.36
Goa, 28-02-2022, M, 12.04, 376336.00, 32.51
Goa, 31-03-2022, M, 12.74, 422073.00, 36.71
Goa, 30-04-2022, M, 15.49, 435354.00, 39.06
Goa, 31-05-2022, M, 13.42, 374329.00, 32.74
Goa, 30-06-2022, M, 5.45, 425949.00, 34.08
Goa, 31-07-2022, M, 13.70, 373464.00, 32.70
Goa, 31-08-2022, M, 13.67, 410887.00, 35.92
Goa, 30-09-2022, M, 10.86, 392383.00, 33.19
Gujarat, 31-01-2019, M, 5.80, 23754560.00, 49.00
Gujarat, 28-02-2019, M, 5.54, 23789056.00, 48.86
Gujarat, 31-03-2019, M, 4.53, 24364847.00, 49.41
Gujarat, 30-04-2019, M, 3.00, 24177961.00, 48.16
Gujarat, 31-05-2019, M, 3.38, 23641286.00, 47.19
Gujarat, 30-06-2019, M, 5.45, 23344240.00, 47.52
Gujarat, 31-07-2019, M, 4.81, 24155108.00, 48.75
Gujarat, 31-08-2019, M, 3.92, 23735498.00, 47.36
Gujarat, 30-09-2019, M, 6.15, 22889629.00, 46.67
Gujarat, 31-10-2019, M, 5.15, 24302741.00, 48.93
Gujarat, 30-11-2019, M, 5.86, 24383939.00, 49.37
Gujarat, 31-12-2019, M, 4.42, 24050638.00, 47.87
Gujarat, 31-01-2020, M, 5.54, 24126346.00, 48.49
Gujarat, 29-02-2020, M, 6.38, 24757795.00, 50.11
Gujarat, 31-03-2020, M, 6.66, 23566641.00, 47.75
Gujarat, 30-04-2020, M, 18.71, 15288878.00, 35.50
Gujarat, 31-05-2020, M, 12.11, 17836936.00, 38.23
Gujarat, 30-06-2020, M, 3.20, 23657055.00, 45.96
Gujarat, 31-07-2020, M, 1.84, 24276120.00, 46.41
Gujarat, 31-08-2020, M, 1.87, 22817232.00, 43.55
Gujarat, 30-09-2020, M, 3.41, 24978668.00, 48.34
Gujarat, 31-10-2020, M, 4.03, 25970259.00, 50.49
Gujarat, 30-11-2020, M, 3.86, 24161076.00, 46.79
Gujarat, 31-12-2020, M, 3.05, 21483898.00, 41.18
Gujarat, 31-01-2021, M, 3.19, 24009720.00, 46.00
Gujarat, 28-02-2021, M, 3.17, 24070070.00, 46.02
Gujarat, 31-03-2021, M, 2.16, 24357415.00, 46.00
Gujarat, 30-04-2021, M, 1.77, 24320086.00, 45.66
Gujarat, 31-05-2021, M, 2.34, 24179141.00, 45.57
Gujarat, 30-06-2021, M, 1.79, 24842134.00, 46.46
Gujarat, 31-07-2021, M, 1.82, 25227354.00, 47.10
Gujarat, 31-08-2021, M, 1.61, 23838107.00, 44.33
Gujarat, 30-09-2021, M, 1.29, 25252205.00, 46.71
Gujarat, 31-10-2021, M, 2.39, 25890884.00, 48.34
Gujarat, 30-11-2021, M, 1.45, 25500373.00, 47.06
Gujarat, 31-12-2021, M, 1.63, 24770121.00, 45.71
Gujarat, 31-01-2022, M, 1.17, 25174157.00, 46.15
Gujarat, 28-02-2022, M, 2.47, 26662328.00, 49.44
Gujarat, 31-03-2022, M, 1.80, 25308074.00, 46.51
Gujarat, 30-04-2022, M, 1.55, 25492174.00, 46.64
Gujarat, 31-05-2022, M, 2.10, 25400738.00, 46.64
Gujarat, 30-06-2022, M, 3.01, 25247094.00, 46.70
Gujarat, 31-07-2022, M, 2.24, 25906215.00, 47.45
Gujarat, 31-08-2022, M, 2.63, 23595197.00, 43.30
Gujarat, 30-09-2022, M, 1.56, 25465156.00, 46.14
Haryana, 31-01-2019, M, 17.89, 7695203.00, 43.17
Haryana, 28-02-2019, M, 21.29, 7579380.00, 44.27
Haryana, 31-03-2019, M, 18.99, 7112728.00, 40.27
Haryana, 30-04-2019, M, 26.39, 7120484.00, 44.28
Haryana, 31-05-2019, M, 18.27, 7942782.00, 44.39
Haryana, 30-06-2019, M, 22.10, 7590368.00, 44.41
Haryana, 31-07-2019, M, 19.53, 7232533.00, 40.88
Haryana, 31-08-2019, M, 28.68, 7081312.00, 45.06
Haryana, 30-09-2019, M, 20.19, 7815959.00, 44.35
Haryana, 31-10-2019, M, 23.04, 7620290.00, 44.75
Haryana, 30-11-2019, M, 20.36, 7280003.00, 41.23
Haryana, 31-12-2019, M, 27.56, 7152316.00, 44.43
Haryana, 31-01-2020, M, 20.34, 7693231.00, 43.36
Haryana, 29-02-2020, M, 25.77, 7322942.00, 44.21
Haryana, 31-03-2020, M, 25.05, 6641555.00, 39.63
Haryana, 30-04-2020, M, 43.22, 5647630.00, 44.38
Haryana, 31-05-2020, M, 29.02, 6437868.00, 40.39
Haryana, 30-06-2020, M, 26.70, 6951934.00, 42.14
Haryana, 31-07-2020, M, 24.18, 6800652.00, 39.77
Haryana, 31-08-2020, M, 33.50, 7113788.00, 47.32
Haryana, 30-09-2020, M, 19.33, 7190435.00, 39.35
Haryana, 31-10-2020, M, 27.32, 6686733.00, 40.53
Haryana, 30-11-2020, M, 25.61, 7054038.00, 41.68
Haryana, 31-12-2020, M, 32.49, 6723049.00, 43.69
Haryana, 31-01-2021, M, 17.65, 7510342.00, 39.92
Haryana, 28-02-2021, M, 26.31, 6808544.00, 40.36
Haryana, 31-03-2021, M, 27.58, 7255469.00, 43.67
Haryana, 30-04-2021, M, 35.13, 6860556.00, 46.00
Haryana, 31-05-2021, M, 28.73, 6425654.00, 39.13
Haryana, 30-06-2021, M, 27.84, 6772377.00, 40.65
Haryana, 31-07-2021, M, 28.08, 6997825.00, 42.05
Haryana, 31-08-2021, M, 35.70, 6933829.00, 46.51
Haryana, 30-09-2021, M, 21.13, 7360554.00, 40.16
Haryana, 31-10-2021, M, 30.69, 6828800.00, 42.31
Haryana, 30-11-2021, M, 29.20, 7024063.00, 42.51
Haryana, 31-12-2021, M, 34.07, 7149677.00, 46.37
Haryana, 31-01-2022, M, 23.36, 7408951.00, 41.25
Haryana, 28-02-2022, M, 30.94, 6895203.00, 42.52
Haryana, 31-03-2022, M, 26.50, 7009253.00, 40.52
Haryana, 30-04-2022, M, 34.48, 7122831.00, 46.10
Haryana, 31-05-2022, M, 24.60, 7351377.00, 41.25
Haryana, 30-06-2022, M, 30.53, 6782012.00, 41.22
Haryana, 31-07-2022, M, 26.92, 7056243.00, 40.68
Haryana, 31-08-2022, M, 37.34, 7112319.00, 47.72
Haryana, 30-09-2022, M, 22.89, 7370594.00, 40.10
Himachal Pradesh, 31-01-2019, M, 13.89, 2298753.00, 45.03
Himachal Pradesh, 28-02-2019, M, 13.82, 2226496.00, 43.51
Himachal Pradesh, 31-03-2019, M, 18.79, 2183648.00, 45.22
Himachal Pradesh, 30-04-2019, M, 19.64, 2216624.00, 46.31
Himachal Pradesh, 31-05-2019, M, 13.38, 2291429.00, 44.34
Himachal Pradesh, 30-06-2019, M, 12.63, 2194657.00, 42.03
Himachal Pradesh, 31-07-2019, M, 20.69, 2152718.00, 45.35
Himachal Pradesh, 31-08-2019, M, 19.24, 2205562.00, 45.55
Himachal Pradesh, 30-09-2019, M, 15.57, 2287014.00, 45.11
Himachal Pradesh, 31-10-2019, M, 16.74, 2179279.00, 43.51
Himachal Pradesh, 30-11-2019, M, 23.34, 2257438.00, 48.87
Himachal Pradesh, 31-12-2019, M, 20.16, 2164186.00, 44.91
Himachal Pradesh, 31-01-2020, M, 16.83, 2287632.00, 45.50
Himachal Pradesh, 29-02-2020, M, 16.84, 2180268.00, 43.30
Himachal Pradesh, 31-03-2020, M, 18.76, 2021858.00, 41.04
Himachal Pradesh, 30-04-2020, M, 2.20, 1131128.00, 19.04
Himachal Pradesh, 31-05-2020, M, 26.95, 1897639.00, 42.70
Himachal Pradesh, 30-06-2020, M, 13.47, 2199683.00, 41.72
Himachal Pradesh, 31-07-2020, M, 24.31, 2229456.00, 48.25
Himachal Pradesh, 31-08-2020, M, 15.79, 2029740.00, 39.42
Himachal Pradesh, 30-09-2020, M, 11.41, 2240699.00, 41.30
Himachal Pradesh, 31-10-2020, M, 13.46, 2123965.00, 40.01
Himachal Pradesh, 30-11-2020, M, 15.86, 1968783.00, 38.08
Himachal Pradesh, 31-12-2020, M, 7.86, 2174653.00, 38.35
Himachal Pradesh, 31-01-2021, M, 11.55, 2248174.00, 41.23
Himachal Pradesh, 28-02-2021, M, 15.57, 2075852.00, 39.83
Himachal Pradesh, 31-03-2021, M, 14.24, 1927818.00, 36.35
Himachal Pradesh, 30-04-2021, M, 11.06, 2000101.00, 36.31
Himachal Pradesh, 31-05-2021, M, 7.72, 2226706.00, 38.89
Himachal Pradesh, 30-06-2021, M, 16.89, 1952465.00, 37.80
Himachal Pradesh, 31-07-2021, M, 14.98, 2025194.00, 38.27
Himachal Pradesh, 31-08-2021, M, 3.74, 2095797.00, 34.92
Himachal Pradesh, 30-09-2021, M, 8.68, 1939804.00, 34.01
Himachal Pradesh, 31-10-2021, M, 14.05, 1907142.00, 35.47
Himachal Pradesh, 30-11-2021, M, 13.78, 1881626.00, 34.83
Himachal Pradesh, 31-12-2021, M, 9.37, 1957488.00, 34.42
Himachal Pradesh, 31-01-2022, M, 13.81, 1822901.00, 33.65
Himachal Pradesh, 28-02-2022, M, 11.79, 1794606.00, 32.32
Himachal Pradesh, 31-03-2022, M, 11.69, 1711147.00, 30.73
Himachal Pradesh, 30-04-2022, M, 0.22, 1908765.00, 30.29
Himachal Pradesh, 31-05-2022, M, 9.58, 2022323.00, 35.35
Himachal Pradesh, 30-06-2022, M, 10.68, 1945233.00, 34.37
Himachal Pradesh, 31-07-2022, M, 6.32, 2609172.00, 43.88
Himachal Pradesh, 31-08-2022, M, 7.28, 1575872.00, 26.73
Himachal Pradesh, 30-09-2022, M, 9.24, 2311238.00, 39.99
Jammu & Kashmir, 31-01-2019, M, 17.10, 3596568.00, 42.92
Jammu & Kashmir, 28-02-2019, M, 15.23, 3482740.00, 40.56
Jammu & Kashmir, 31-03-2019, M, 15.15, 3711176.00, 43.09
Jammu & Kashmir, 30-04-2019, M, 10.62, 3894195.00, 42.84
Jammu & Kashmir, 31-05-2019, M, 16.26, 3625325.00, 42.47
Jammu & Kashmir, 30-06-2019, M, 14.74, 3563557.00, 40.92
Jammu & Kashmir, 31-07-2019, M, 16.34, 3733085.00, 43.59
Jammu & Kashmir, 31-08-2019, M, 22.45, 3411463.00, 42.88
Jammu & Kashmir, 30-09-2019, M, 19.87, 3365012.00, 40.85
Jammu & Kashmir, 31-10-2019, M, 20.73, 3506707.00, 42.94
Jammu & Kashmir, 30-11-2019, M, 14.58, 3642517.00, 41.31
Jammu & Kashmir, 31-12-2019, M, 12.48, 4574768.00, 50.52
Jammu & Kashmir, 31-01-2020, M, 21.08, 3453025.00, 42.20
Jammu & Kashmir, 29-02-2020, M, 20.78, 3223513.00, 39.17
Jammu & Kashmir, 31-03-2020, M, 15.50, 3359107.00, 38.18
Jammu & Kashmir, 31-05-2020, M, 18.74, 3246493.00, 38.21
Jammu & Kashmir, 30-06-2020, M, 17.92, 3202336.00, 37.24
Jammu & Kashmir, 31-07-2020, M, 10.88, 3558889.00, 38.03
Jammu & Kashmir, 31-08-2020, M, 11.09, 3429950.00, 36.66
Jammu & Kashmir, 30-09-2020, M, 16.17, 3210281.00, 36.31
Jammu & Kashmir, 31-10-2020, M, 16.14, 3106691.00, 35.05
Jammu & Kashmir, 30-11-2020, M, 8.55, 3105513.00, 32.07
Jammu & Kashmir, 31-12-2020, M, 16.61, 3333288.00, 37.67
Jammu & Kashmir, 31-01-2021, M, 21.90, 3308895.00, 39.83
Jammu & Kashmir, 28-02-2021, M, 14.21, 3075564.00, 33.64
Jammu & Kashmir, 31-03-2021, M, 9.53, 2994081.00, 30.99
Jammu & Kashmir, 30-04-2021, M, 11.45, 3578310.00, 37.76
Jammu & Kashmir, 31-05-2021, M, 11.92, 3494510.00, 36.99
Jammu & Kashmir, 30-06-2021, M, 10.57, 3273797.00, 34.06
Jammu & Kashmir, 31-07-2021, M, 15.40, 3383418.00, 37.13
Jammu & Kashmir, 31-08-2021, M, 13.57, 3518412.00, 37.72
Jammu & Kashmir, 30-09-2021, M, 21.45, 3335458.00, 39.25
Jammu & Kashmir, 31-10-2021, M, 22.20, 3185277.00, 37.77
Jammu & Kashmir, 30-11-2021, M, 21.17, 3480110.00, 40.64
Jammu & Kashmir, 31-12-2021, M, 15.03, 3759129.00, 40.64
Jammu & Kashmir, 31-01-2022, M, 15.19, 3344297.00, 36.14
Jammu & Kashmir, 28-02-2022, M, 13.17, 3282942.00, 34.59
Jammu & Kashmir, 31-03-2022, M, 25.01, 3358617.00, 40.88
Jammu & Kashmir, 30-04-2022, M, 15.64, 3420154.00, 36.93
Jammu & Kashmir, 31-05-2022, M, 18.30, 3347152.00, 37.24
Jammu & Kashmir, 30-06-2022, M, 17.23, 3320692.00, 36.39
Jammu & Kashmir, 31-07-2022, M, 20.22, 3226431.00, 36.60
Jammu & Kashmir, 31-08-2022, M, 32.75, 3263603.00, 43.83
Jammu & Kashmir, 30-09-2022, M, 23.18, 3391397.00, 39.79
Jharkhand, 31-01-2019, M, 9.05, 9492973.00, 40.31
Jharkhand, 28-02-2019, M, 6.88, 9992862.00, 41.36
Jharkhand, 31-03-2019, M, 13.58, 9188910.00, 40.89
Jharkhand, 30-04-2019, M, 12.23, 9570966.00, 41.84
Jharkhand, 31-05-2019, M, 9.92, 9439796.00, 40.12
Jharkhand, 30-06-2019, M, 11.69, 9646693.00, 41.74
Jharkhand, 31-07-2019, M, 11.53, 9392979.00, 40.47
Jharkhand, 31-08-2019, M, 14.26, 9350763.00, 41.48
Jharkhand, 30-09-2019, M, 10.31, 10030750.00, 42.45
Jharkhand, 31-10-2019, M, 9.92, 10221435.00, 42.97
Jharkhand, 30-11-2019, M, 10.57, 9703914.00, 41.00
Jharkhand, 31-12-2019, M, 16.98, 9163609.00, 41.62
Jharkhand, 31-01-2020, M, 10.61, 10198029.00, 42.92
Jharkhand, 29-02-2020, M, 11.85, 10425425.00, 44.40
Jharkhand, 31-03-2020, M, 8.23, 9638115.00, 39.34
Jharkhand, 30-04-2020, M, 47.09, 5335262.00, 37.69
Jharkhand, 31-05-2020, M, 59.23, 4145385.00, 37.92
Jharkhand, 30-06-2020, M, 20.95, 8622722.00, 40.59
Jharkhand, 31-07-2020, M, 7.63, 9521900.00, 38.27
Jharkhand, 31-08-2020, M, 9.76, 9331640.00, 38.31
Jharkhand, 30-09-2020, M, 9.28, 9980378.00, 40.67
Jharkhand, 31-10-2020, M, 11.80, 10302276.00, 43.08
Jharkhand, 30-11-2020, M, 9.54, 9574705.00, 38.96
Jharkhand, 31-12-2020, M, 12.40, 9652716.00, 40.47
Jharkhand, 31-01-2021, M, 11.31, 10005873.00, 41.34
Jharkhand, 28-02-2021, M, 12.17, 10198512.00, 42.46
Jharkhand, 31-03-2021, M, 12.75, 9655793.00, 40.38
Jharkhand, 30-04-2021, M, 16.48, 9559528.00, 41.67
Jharkhand, 31-05-2021, M, 15.96, 9288715.00, 40.15
Jharkhand, 30-06-2021, M, 12.74, 10751681.00, 44.67
Jharkhand, 31-07-2021, M, 9.40, 10261921.00, 40.97
Jharkhand, 31-08-2021, M, 15.96, 9916315.00, 42.58
Jharkhand, 30-09-2021, M, 13.10, 9911480.00, 41.07
Jharkhand, 31-10-2021, M, 18.10, 9915511.00, 43.50
Jharkhand, 30-11-2021, M, 11.17, 10028822.00, 40.47
Jharkhand, 31-12-2021, M, 17.30, 9843649.00, 42.58
Jharkhand, 31-01-2022, M, 8.95, 10473498.00, 41.06
Jharkhand, 28-02-2022, M, 14.97, 10398909.00, 43.56
Jharkhand, 31-03-2022, M, 14.46, 9832141.00, 40.85
Jharkhand, 30-04-2022, M, 14.16, 10076823.00, 41.63
Jharkhand, 31-05-2022, M, 13.14, 10545402.00, 42.96
Jharkhand, 30-06-2022, M, 12.06, 10832466.00, 43.50
Jharkhand, 31-07-2022, M, 13.96, 9889485.00, 40.49
Jharkhand, 31-08-2022, M, 17.31, 10407392.00, 44.24
Jharkhand, 30-09-2022, M, 12.21, 10299001.00, 41.15
Karnataka, 31-01-2019, M, 1.49, 23072967.00, 43.32
Karnataka, 28-02-2019, M, 2.00, 22550688.00, 42.48
Karnataka, 31-03-2019, M, 1.29, 20755789.00, 38.74
Karnataka, 30-04-2019, M, 0.53, 21180297.00, 39.15
Karnataka, 31-05-2019, M, 5.88, 22549687.00, 43.96
Karnataka, 30-06-2019, M, 5.58, 21750997.00, 42.19
Karnataka, 31-07-2019, M, 1.26, 20907836.00, 38.70
Karnataka, 31-08-2019, M, 0.74, 21300805.00, 39.14
Karnataka, 30-09-2019, M, 3.31, 22397436.00, 42.17
Karnataka, 31-10-2019, M, 5.83, 21602775.00, 41.68
Karnataka, 30-11-2019, M, 2.16, 20151048.00, 37.35
Karnataka, 31-12-2019, M, 0.88, 21348507.00, 38.98
Karnataka, 31-01-2020, M, 2.86, 22688028.00, 42.18
Karnataka, 29-02-2020, M, 3.61, 21677719.00, 40.54
Karnataka, 31-03-2020, M, 3.46, 22079653.00, 41.14
Karnataka, 30-04-2020, M, 29.84, 16718395.00, 42.78
Karnataka, 31-05-2020, M, 19.97, 19397853.00, 43.43
Karnataka, 30-06-2020, M, 8.44, 24215057.00, 47.29
Karnataka, 31-07-2020, M, 4.01, 22885616.00, 42.55
Karnataka, 31-08-2020, M, 0.50, 24094289.00, 43.13
Karnataka, 30-09-2020, M, 2.40, 20131894.00, 36.67
Karnataka, 31-10-2020, M, 1.58, 22349602.00, 40.28
Karnataka, 30-11-2020, M, 1.86, 21714939.00, 39.18
Karnataka, 31-12-2020, M, 1.39, 22393716.00, 40.13
Karnataka, 31-01-2021, M, 3.28, 21869339.00, 39.87
Karnataka, 28-02-2021, M, 2.50, 22537746.00, 40.69
Karnataka, 31-03-2021, M, 1.16, 21854018.00, 38.84
Karnataka, 30-04-2021, M, 2.03, 23110478.00, 41.36
Karnataka, 31-05-2021, M, 5.27, 23612747.00, 43.61
Karnataka, 30-06-2021, M, 5.55, 22953054.00, 42.43
Karnataka, 31-07-2021, M, 2.05, 22332124.00, 39.73
Karnataka, 31-08-2021, M, 1.49, 22829342.00, 40.30
Karnataka, 30-09-2021, M, 3.12, 22163002.00, 39.71
Karnataka, 31-10-2021, M, 1.51, 24643524.00, 43.34
Karnataka, 30-11-2021, M, 2.77, 20836015.00, 37.05
Karnataka, 31-12-2021, M, 1.44, 22266608.00, 38.98
Karnataka, 31-01-2022, M, 2.88, 21975083.00, 38.96
Karnataka, 28-02-2022, M, 1.98, 23873003.00, 41.86
Karnataka, 31-03-2022, M, 1.84, 22451982.00, 39.23
Karnataka, 30-04-2022, M, 2.71, 22066947.00, 38.82
Karnataka, 31-05-2022, M, 4.27, 21372315.00, 38.14
Karnataka, 30-06-2022, M, 3.66, 22531645.00, 39.87
Karnataka, 31-07-2022, M, 3.48, 22259296.00, 39.24
Karnataka, 31-08-2022, M, 3.48, 22167284.00, 39.00
Karnataka, 30-09-2022, M, 3.81, 21233682.00, 37.41
Kerala, 31-01-2019, M, 6.62, 9860216.00, 37.89
Kerala, 28-02-2019, M, 7.41, 10137150.00, 39.25
Kerala, 31-03-2019, M, 6.41, 8985355.00, 34.39
Kerala, 30-04-2019, M, 8.79, 9626201.00, 37.77
Kerala, 31-05-2019, M, 6.39, 9790265.00, 37.39
Kerala, 30-06-2019, M, 7.95, 10283997.00, 39.91
Kerala, 31-07-2019, M, 6.18, 8960603.00, 34.08
Kerala, 31-08-2019, M, 9.13, 9682099.00, 37.99
Kerala, 30-09-2019, M, 5.43, 10041141.00, 37.82
Kerala, 31-10-2019, M, 7.41, 9973336.00, 38.33
Kerala, 30-11-2019, M, 5.81, 8620674.00, 32.54
Kerala, 31-12-2019, M, 9.19, 9506092.00, 37.18
Kerala, 31-01-2020, M, 5.31, 9904534.00, 37.12
Kerala, 29-02-2020, M, 7.60, 9828023.00, 37.71
Kerala, 31-03-2020, M, 8.99, 8221728.00, 32.00
Kerala, 30-04-2020, M, 16.99, 3933276.00, 16.77
Kerala, 31-05-2020, M, 17.88, 7921962.00, 34.11
Kerala, 30-06-2020, M, 9.71, 9228268.00, 36.11
Kerala, 31-07-2020, M, 7.09, 9504420.00, 36.10
Kerala, 31-08-2020, M, 10.98, 9031944.00, 35.78
Kerala, 30-09-2020, M, 5.91, 9240913.00, 34.60
Kerala, 31-10-2020, M, 3.88, 9152881.00, 33.52
Kerala, 30-11-2020, M, 5.83, 8472442.00, 31.64
Kerala, 31-12-2020, M, 6.45, 9556138.00, 35.89
Kerala, 31-01-2021, M, 5.46, 9264917.00, 34.39
Kerala, 28-02-2021, M, 4.30, 9336761.00, 34.21
Kerala, 31-03-2021, M, 5.90, 8804500.00, 32.78
Kerala, 30-04-2021, M, 7.52, 9603392.00, 36.35
Kerala, 31-05-2021, M, 23.52, 7458637.00, 34.10
Kerala, 30-06-2021, M, 15.77, 7752486.00, 32.16
Kerala, 31-07-2021, M, 7.52, 8439403.00, 31.85
Kerala, 31-08-2021, M, 7.81, 9544849.00, 36.11
Kerala, 30-09-2021, M, 8.95, 8971738.00, 34.33
Kerala, 31-10-2021, M, 5.39, 9625925.00, 35.42
Kerala, 30-11-2021, M, 7.09, 8885861.00, 33.26
Kerala, 31-12-2021, M, 6.69, 9872876.00, 36.76
Kerala, 31-01-2022, M, 4.95, 9215981.00, 33.66
Kerala, 28-02-2022, M, 4.95, 9665889.00, 35.27
Kerala, 31-03-2022, M, 6.74, 9066457.00, 33.68
Kerala, 30-04-2022, M, 5.84, 9688763.00, 35.62
Kerala, 31-05-2022, M, 5.83, 9545387.00, 35.06
Kerala, 30-06-2022, M, 5.32, 9643789.00, 35.19
Kerala, 31-07-2022, M, 4.93, 8760972.00, 31.81
Kerala, 31-08-2022, M, 6.10, 9811411.00, 36.04
Kerala, 30-09-2022, M, 6.37, 9571877.00, 35.22
Madhya Pradesh, 31-01-2019, M, 4.76, 21924819.00, 38.81
Madhya Pradesh, 28-02-2019, M, 6.47, 22356536.00, 40.21
Madhya Pradesh, 31-03-2019, M, 5.40, 22063401.00, 39.15
Madhya Pradesh, 30-04-2019, M, 6.47, 22362845.00, 40.05
Madhya Pradesh, 31-05-2019, M, 3.72, 22042549.00, 38.26
Madhya Pradesh, 30-06-2019, M, 4.86, 22804132.00, 39.97
Madhya Pradesh, 31-07-2019, M, 4.91, 22541149.00, 39.44
Madhya Pradesh, 31-08-2019, M, 5.50, 23368979.00, 41.06
Madhya Pradesh, 30-09-2019, M, 4.37, 22882648.00, 39.64
Madhya Pradesh, 31-10-2019, M, 3.38, 23664352.00, 40.49
Madhya Pradesh, 30-11-2019, M, 3.69, 22765882.00, 38.99
Madhya Pradesh, 31-12-2019, M, 3.90, 23642051.00, 40.49
Madhya Pradesh, 31-01-2020, M, 4.11, 23018632.00, 39.42
Madhya Pradesh, 29-02-2020, M, 4.57, 22711479.00, 39.00
Madhya Pradesh, 31-03-2020, M, 2.22, 22867164.00, 38.24
Madhya Pradesh, 30-04-2020, M, 12.36, 19041832.00, 35.45
Madhya Pradesh, 31-05-2020, M, 21.98, 18443927.00, 38.48
Madhya Pradesh, 30-06-2020, M, 6.48, 23054646.00, 40.04
Madhya Pradesh, 31-07-2020, M, 5.08, 23940158.00, 40.88
Madhya Pradesh, 31-08-2020, M, 4.70, 23619011.00, 40.08
Madhya Pradesh, 30-09-2020, M, 3.93, 23396559.00, 39.30
Madhya Pradesh, 31-10-2020, M, 3.26, 23109279.00, 38.46
Madhya Pradesh, 30-11-2020, M, 4.34, 24437387.00, 41.04
Madhya Pradesh, 31-12-2020, M, 3.99, 23864423.00, 39.85
Madhya Pradesh, 31-01-2021, M, 6.15, 23183713.00, 39.51
Madhya Pradesh, 28-02-2021, M, 2.02, 22589307.00, 36.80
Madhya Pradesh, 31-03-2021, M, 1.50, 24004347.00, 38.82
Madhya Pradesh, 30-04-2021, M, 1.35, 22705824.00, 36.58
Madhya Pradesh, 31-05-2021, M, 5.16, 21795692.00, 36.44
Madhya Pradesh, 30-06-2021, M, 2.34, 22680487.00, 36.75
Madhya Pradesh, 31-07-2021, M, 2.30, 24438028.00, 39.49
Madhya Pradesh, 31-08-2021, M, 3.49, 23825304.00, 38.89
Madhya Pradesh, 30-09-2021, M, 3.09, 23749761.00, 38.53
Madhya Pradesh, 31-10-2021, M, 1.82, 23093728.00, 36.89
Madhya Pradesh, 30-11-2021, M, 1.56, 24396190.00, 38.79
Madhya Pradesh, 31-12-2021, M, 3.37, 24112509.00, 38.97
Madhya Pradesh, 31-01-2022, M, 2.95, 23342443.00, 37.48
Madhya Pradesh, 28-02-2022, M, 2.82, 22384212.00, 35.82
Madhya Pradesh, 31-03-2022, M, 1.59, 23966634.00, 37.79
Madhya Pradesh, 30-04-2022, M, 1.61, 23777291.00, 37.41
Madhya Pradesh, 31-05-2022, M, 1.71, 23391740.00, 36.76
Madhya Pradesh, 30-06-2022, M, 0.53, 22801375.00, 35.33
Madhya Pradesh, 31-07-2022, M, 1.94, 24151740.00, 37.88
Madhya Pradesh, 31-08-2022, M, 2.61, 24046966.00, 37.89
Madhya Pradesh, 30-09-2022, M, 0.89, 24028645.00, 37.12
Maharashtra, 31-01-2019, M, 5.67, 44188804.00, 47.30
Maharashtra, 28-02-2019, M, 3.73, 43904146.00, 45.96
Maharashtra, 31-03-2019, M, 3.34, 44082780.00, 45.87
Maharashtra, 30-04-2019, M, 4.09, 41839940.00, 43.79
Maharashtra, 31-05-2019, M, 4.69, 40859439.00, 42.95
Maharashtra, 30-06-2019, M, 5.26, 40431563.00, 42.67
Maharashtra, 31-07-2019, M, 4.78, 42059400.00, 44.08
Maharashtra, 31-08-2019, M, 5.26, 43438141.00, 45.66
Maharashtra, 30-09-2019, M, 5.55, 41617740.00, 43.80
Maharashtra, 31-10-2019, M, 5.38, 41552227.00, 43.56
Maharashtra, 30-11-2019, M, 5.34, 42368067.00, 44.31
Maharashtra, 31-12-2019, M, 4.94, 42938783.00, 44.63
Maharashtra, 31-01-2020, M, 4.95, 42596868.00, 44.19
Maharashtra, 29-02-2020, M, 4.69, 42416317.00, 43.80
Maharashtra, 31-03-2020, M, 5.79, 40196806.00, 41.91
Maharashtra, 30-04-2020, M, 20.90, 27689253.00, 34.32
Maharashtra, 31-05-2020, M, 15.46, 32116847.00, 37.17
Maharashtra, 30-06-2020, M, 9.23, 39708538.00, 42.71
Maharashtra, 31-07-2020, M, 3.89, 40998545.00, 41.57
Maharashtra, 31-08-2020, M, 6.23, 40963616.00, 42.49
Maharashtra, 30-09-2020, M, 4.54, 41970885.00, 42.67
Maharashtra, 31-10-2020, M, 4.20, 42984107.00, 43.46
Maharashtra, 30-11-2020, M, 2.98, 41835346.00, 41.69
Maharashtra, 31-12-2020, M, 3.90, 41852719.00, 42.02
Maharashtra, 31-01-2021, M, 3.79, 42638718.00, 42.68
Maharashtra, 28-02-2021, M, 3.75, 43096660.00, 43.04
Maharashtra, 31-03-2021, M, 3.55, 44407556.00, 44.16
Maharashtra, 30-04-2021, M, 5.47, 40125662.00, 40.64
Maharashtra, 31-05-2021, M, 5.75, 40887966.00, 41.45
Maharashtra, 30-06-2021, M, 4.29, 42688095.00, 42.53
Maharashtra, 31-07-2021, M, 4.28, 44095200.00, 43.84
Maharashtra, 31-08-2021, M, 4.36, 44637546.00, 44.32
Maharashtra, 30-09-2021, M, 4.53, 44651998.00, 44.33
Maharashtra, 31-10-2021, M, 4.33, 43813077.00, 43.32
Maharashtra, 30-11-2021, M, 4.69, 46831192.00, 46.39
Maharashtra, 31-12-2021, M, 3.77, 47665595.00, 46.67
Maharashtra, 31-01-2022, M, 4.21, 44712496.00, 43.89
Maharashtra, 28-02-2022, M, 4.34, 44594701.00, 43.76
Maharashtra, 31-03-2022, M, 4.00, 45806483.00, 44.69
Maharashtra, 30-04-2022, M, 3.13, 47035554.00, 45.39
Maharashtra, 31-05-2022, M, 4.19, 42997796.00, 41.87
Maharashtra, 30-06-2022, M, 4.83, 42584307.00, 41.67
Maharashtra, 31-07-2022, M, 3.67, 45182050.00, 43.59
Maharashtra, 31-08-2022, M, 2.24, 46562066.00, 44.17
Maharashtra, 30-09-2022, M, 3.96, 46226882.00, 44.55
Meghalaya, 31-01-2019, M, 2.65, 1367106.00, 62.45
Meghalaya, 28-02-2019, M, 6.40, 1229411.00, 58.28
Meghalaya, 31-03-2019, M, 2.01, 1419680.00, 64.13
Meghalaya, 30-04-2019, M, 2.28, 1271267.00, 57.44
Meghalaya, 31-05-2019, M, 4.09, 1347989.00, 61.91
Meghalaya, 30-06-2019, M, 5.08, 1256049.00, 58.14
Meghalaya, 31-07-2019, M, 1.72, 1442525.00, 64.34
Meghalaya, 31-08-2019, M, 1.60, 1325158.00, 58.88
Meghalaya, 30-09-2019, M, 1.19, 1416046.00, 62.51
Meghalaya, 31-10-2019, M, 4.35, 1314984.00, 59.81
Meghalaya, 30-11-2019, M, 1.80, 1499134.00, 66.26
Meghalaya, 31-12-2019, M, 2.48, 1370415.00, 60.85
Meghalaya, 31-01-2020, M, 1.66, 1491093.00, 65.49
Meghalaya, 29-02-2020, M, 3.59, 1346829.00, 60.20
Meghalaya, 31-03-2020, M, 1.58, 1482351.00, 64.74
Meghalaya, 30-04-2020, M, 10.03, 965057.00, 45.99
Meghalaya, 31-05-2020, M, 5.92, 1215064.00, 55.24
Meghalaya, 30-06-2020, M, 1.15, 1350794.00, 58.31
Meghalaya, 31-07-2020, M, 2.10, 1448106.00, 62.96
Meghalaya, 31-08-2020, M, 3.74, 1357643.00, 59.88
Meghalaya, 30-09-2020, M, 4.29, 1459726.00, 64.60
Meghalaya, 31-10-2020, M, 4.60, 1381490.00, 61.18
Meghalaya, 30-11-2020, M, 1.12, 1425271.00, 60.75
Meghalaya, 31-12-2020, M, 6.58, 1320920.00, 59.45
Meghalaya, 31-01-2021, M, 3.28, 1412004.00, 61.23
Meghalaya, 28-02-2021, M, 3.83, 1326534.00, 57.72
Meghalaya, 31-03-2021, M, 1.31, 1516752.00, 64.15
Meghalaya, 30-04-2021, M, 1.44, 1385061.00, 58.52
Meghalaya, 31-05-2021, M, 6.49, 1293466.00, 57.46
Meghalaya, 30-06-2021, M, 2.84, 1472538.00, 62.80
Meghalaya, 31-07-2021, M, 0.39, 1598729.00, 66.34
Meghalaya, 31-08-2021, M, 0.58, 1444334.00, 59.90
Meghalaya, 30-09-2021, M, 2.06, 1497799.00, 62.90
Meghalaya, 31-10-2021, M, 1.82, 1326274.00, 55.42
Meghalaya, 30-11-2021, M, 0.73, 1486378.00, 61.29
Meghalaya, 31-12-2021, M, 3.04, 1363563.00, 57.41
Meghalaya, 31-01-2022, M, 1.51, 1461898.00, 60.45
Meghalaya, 28-02-2022, M, 1.41, 1545712.00, 63.71
Meghalaya, 31-03-2022, M, 1.99, 1464188.00, 60.56
Meghalaya, 30-04-2022, M, 2.23, 1428366.00, 59.07
Meghalaya, 31-05-2022, M, 4.06, 1465621.00, 61.62
Meghalaya, 30-06-2022, M, 2.32, 1453711.00, 59.88
Meghalaya, 31-07-2022, M, 1.49, 1522255.00, 62.03
Meghalaya, 31-08-2022, M, 2.00, 1492548.00, 60.98
Meghalaya, 30-09-2022, M, 2.28, 1596874.00, 65.27
Odisha, 31-01-2019, M, 4.18, 13905907.00, 41.66
Odisha, 28-02-2019, M, 6.56, 13179143.00, 40.43
Odisha, 31-03-2019, M, 2.82, 14570943.00, 42.91
Odisha, 30-04-2019, M, 6.38, 13406282.00, 40.92
Odisha, 31-05-2019, M, 3.95, 13675335.00, 40.61
Odisha, 30-06-2019, M, 4.35, 13321447.00, 39.66
Odisha, 31-07-2019, M, 3.05, 14552118.00, 42.68
Odisha, 31-08-2019, M, 3.65, 14184642.00, 41.79
Odisha, 30-09-2019, M, 4.22, 13716469.00, 40.58
Odisha, 31-10-2019, M, 4.32, 14078381.00, 41.63
Odisha, 30-11-2019, M, 4.29, 14787087.00, 43.64
Odisha, 31-12-2019, M, 4.44, 13714119.00, 40.47
Odisha, 31-01-2020, M, 1.90, 13743448.00, 39.44
Odisha, 29-02-2020, M, 3.12, 14280735.00, 41.44
Odisha, 31-03-2020, M, 13.08, 12272109.00, 39.62
Odisha, 30-04-2020, M, 23.76, 6865693.00, 25.23
Odisha, 31-05-2020, M, 11.41, 11730937.00, 37.04
Odisha, 30-06-2020, M, 3.77, 12903993.00, 37.45
Odisha, 31-07-2020, M, 1.88, 13614400.00, 38.69
Odisha, 31-08-2020, M, 1.42, 14154039.00, 39.96
Odisha, 30-09-2020, M, 2.10, 13608422.00, 38.63
Odisha, 31-10-2020, M, 2.18, 14094553.00, 39.98
Odisha, 30-11-2020, M, 1.70, 14294301.00, 40.28
Odisha, 31-12-2020, M, 0.16, 14645274.00, 40.57
Odisha, 31-01-2021, M, 2.97, 13790183.00, 39.24
Odisha, 28-02-2021, M, 2.46, 14077007.00, 39.79
Odisha, 31-03-2021, M, 1.56, 14055367.00, 39.29
Odisha, 30-04-2021, M, 1.88, 14869145.00, 41.64
Odisha, 31-05-2021, M, 7.02, 12976729.00, 38.29
Odisha, 30-06-2021, M, 3.65, 13467650.00, 38.28
Odisha, 31-07-2021, M, 1.08, 14895116.00, 41.17
Odisha, 31-08-2021, M, 2.17, 14349717.00, 40.04
Odisha, 30-09-2021, M, 2.82, 13686328.00, 38.38
Odisha, 31-10-2021, M, 1.05, 14303074.00, 39.33
Odisha, 30-11-2021, M, 0.59, 15384070.00, 42.04
Odisha, 31-12-2021, M, 1.58, 14802549.00, 40.79
Odisha, 31-01-2022, M, 1.79, 14241847.00, 39.26
Odisha, 28-02-2022, M, 0.99, 15169452.00, 41.42
Odisha, 31-03-2022, M, 9.67, 13689178.00, 40.90
Odisha, 30-04-2022, M, 1.54, 14986632.00, 41.01
Odisha, 31-05-2022, M, 2.62, 14342999.00, 39.62
Odisha, 30-06-2022, M, 1.20, 15728510.00, 42.76
Odisha, 31-07-2022, M, 0.87, 14851779.00, 40.17
Odisha, 31-08-2022, M, 2.58, 14149480.00, 38.88
Odisha, 30-09-2022, M, 2.93, 14371558.00, 39.57
Puducherry, 31-01-2019, M, 1.67, 467102.00, 39.79
Puducherry, 28-02-2019, M, 0.87, 504674.00, 42.55
Puducherry, 31-03-2019, M, 0.31, 400011.00, 33.45
Puducherry, 30-04-2019, M, 0.37, 504548.00, 42.12
Puducherry, 31-05-2019, M, 0.78, 456379.00, 38.16
Puducherry, 30-06-2019, M, 0.00, 488896.00, 40.46
Puducherry, 31-07-2019, M, 0.00, 420344.00, 34.70
Puducherry, 31-08-2019, M, 7.47, 496812.00, 44.21
Puducherry, 30-09-2019, M, 0.76, 462290.00, 38.26
Puducherry, 31-10-2019, M, 1.17, 492832.00, 40.86
Puducherry, 30-11-2019, M, 0.91, 417790.00, 34.46
Puducherry, 31-12-2019, M, 4.05, 493943.00, 41.97
Puducherry, 31-01-2020, M, 0.58, 457950.00, 37.46
Puducherry, 29-02-2020, M, 1.76, 493961.00, 40.80
Puducherry, 31-03-2020, M, 1.20, 421028.00, 34.49
Puducherry, 30-04-2020, M, 75.85, 117542.00, 39.30
Puducherry, 31-05-2020, M, 58.19, 172308.00, 33.19
Puducherry, 30-06-2020, M, 4.24, 367135.00, 30.80
Puducherry, 31-07-2020, M, 15.47, 386563.00, 36.64
Puducherry, 31-08-2020, M, 5.05, 396006.00, 33.34
Puducherry, 30-09-2020, M, 10.90, 411717.00, 36.84
Puducherry, 31-10-2020, M, 6.18, 428419.00, 36.32
Puducherry, 30-11-2020, M, 2.18, 407505.00, 33.05
Puducherry, 31-12-2020, M, 2.70, 415410.00, 33.79
Puducherry, 31-01-2021, M, 7.56, 420079.00, 35.87
Puducherry, 28-02-2021, M, 5.76, 420318.00, 35.13
Puducherry, 31-03-2021, M, 1.44, 418321.00, 33.34
Puducherry, 30-04-2021, M, 2.72, 424356.00, 34.19
Puducherry, 31-05-2021, M, 23.97, 348683.00, 35.85
Puducherry, 30-06-2021, M, 47.12, 222864.00, 32.86
Puducherry, 31-07-2021, M, 9.58, 408760.00, 35.16
Puducherry, 31-08-2021, M, 8.57, 462760.00, 39.27
Puducherry, 30-09-2021, M, 11.17, 416187.00, 36.26
Puducherry, 31-10-2021, M, 6.02, 425097.00, 34.92
Puducherry, 30-11-2021, M, 6.29, 429628.00, 35.30
Puducherry, 31-12-2021, M, 6.22, 464517.00, 38.05
Puducherry, 31-01-2022, M, 7.76, 431656.00, 35.86
Puducherry, 28-02-2022, M, 3.71, 436960.00, 34.69
Puducherry, 31-03-2022, M, 4.22, 437602.00, 34.84
Puducherry, 30-04-2022, M, 5.56, 489100.00, 39.39
Puducherry, 31-05-2022, M, 5.58, 449016.00, 36.08
Puducherry, 30-06-2022, M, 0.85, 446761.00, 34.10
Puducherry, 31-07-2022, M, 2.82, 443305.00, 34.44
Puducherry, 31-08-2022, M, 5.17, 488508.00, 38.79
Puducherry, 30-09-2022, M, 7.34, 446725.00, 36.21
Punjab, 31-01-2019, M, 10.47, 9604005.00, 44.15
Punjab, 28-02-2019, M, 12.39, 9205076.00, 43.18
Punjab, 31-03-2019, M, 9.80, 9731044.00, 44.25
Punjab, 30-04-2019, M, 7.51, 9641918.00, 42.69
Punjab, 31-05-2019, M, 10.73, 9378466.00, 42.94
Punjab, 30-06-2019, M, 12.55, 9333034.00, 43.55
Punjab, 31-07-2019, M, 10.36, 9900571.00, 44.99
Punjab, 31-08-2019, M, 8.68, 9683288.00, 43.12
Punjab, 30-09-2019, M, 11.29, 9481369.00, 43.39
Punjab, 31-10-2019, M, 12.97, 9092358.00, 42.33
Punjab, 30-11-2019, M, 8.29, 9997265.00, 44.10
Punjab, 31-12-2019, M, 8.36, 9739995.00, 42.92
Punjab, 31-01-2020, M, 11.11, 9442093.00, 42.82
Punjab, 29-02-2020, M, 10.97, 9229047.00, 41.72
Punjab, 31-03-2020, M, 10.32, 9975485.00, 44.69
Punjab, 30-04-2020, M, 2.86, 7020565.00, 28.99
Punjab, 31-05-2020, M, 28.33, 6872938.00, 38.39
Punjab, 30-06-2020, M, 16.55, 8390766.00, 40.18
Punjab, 31-07-2020, M, 9.19, 9732417.00, 42.76
Punjab, 31-08-2020, M, 10.99, 9386169.00, 41.99
Punjab, 30-09-2020, M, 9.61, 8979999.00, 39.50
Punjab, 31-10-2020, M, 9.83, 8811756.00, 38.78
Punjab, 30-11-2020, M, 7.64, 9550215.00, 40.96
Punjab, 31-12-2020, M, 4.37, 9369173.00, 38.75
Punjab, 31-01-2021, M, 8.09, 9097268.00, 39.07
Punjab, 28-02-2021, M, 7.21, 9037550.00, 38.39
Punjab, 31-03-2021, M, 7.35, 9590215.00, 40.73
Punjab, 30-04-2021, M, 5.33, 9367881.00, 38.87
Punjab, 31-05-2021, M, 8.84, 8900420.00, 38.28
Punjab, 30-06-2021, M, 8.27, 9008366.00, 38.44
Punjab, 31-07-2021, M, 6.93, 9706975.00, 40.75
Punjab, 31-08-2021, M, 6.05, 9462403.00, 39.28
Punjab, 30-09-2021, M, 9.28, 8935927.00, 38.35
Punjab, 31-10-2021, M, 11.41, 8722548.00, 38.27
Punjab, 30-11-2021, M, 6.70, 9835327.00, 40.90
Punjab, 31-12-2021, M, 6.78, 9577559.00, 39.80
Punjab, 31-01-2022, M, 9.31, 8953493.00, 38.17
Punjab, 28-02-2022, M, 8.99, 9030318.00, 38.30
Punjab, 31-03-2022, M, 6.94, 9842359.00, 40.76
Punjab, 30-04-2022, M, 7.25, 9632697.00, 39.95
Punjab, 31-05-2022, M, 9.15, 9172799.00, 38.77
Punjab, 30-06-2022, M, 8.51, 9204594.00, 38.57
Punjab, 31-07-2022, M, 7.72, 10067229.00, 41.75
Punjab, 31-08-2022, M, 7.44, 9653813.00, 39.84
Punjab, 30-09-2022, M, 6.95, 9342363.00, 38.29
Rajasthan, 31-01-2019, M, 7.67, 19802750.00, 38.53
Rajasthan, 28-02-2019, M, 10.58, 20445986.00, 40.99
Rajasthan, 31-03-2019, M, 9.71, 19964844.00, 39.54
Rajasthan, 30-04-2019, M, 12.58, 20053759.00, 40.93
Rajasthan, 31-05-2019, M, 6.63, 20334436.00, 38.77
Rajasthan, 30-06-2019, M, 13.88, 19851738.00, 40.94
Rajasthan, 31-07-2019, M, 10.23, 20232340.00, 39.94
Rajasthan, 31-08-2019, M, 13.08, 20247209.00, 41.18
Rajasthan, 30-09-2019, M, 7.52, 20467523.00, 39.03
Rajasthan, 31-10-2019, M, 14.24, 20562884.00, 42.19
Rajasthan, 30-11-2019, M, 11.49, 20585267.00, 40.83
Rajasthan, 31-12-2019, M, 15.01, 20594797.00, 42.44
Rajasthan, 31-01-2020, M, 10.97, 20641716.00, 40.51
Rajasthan, 29-02-2020, M, 15.16, 20328915.00, 41.77
Rajasthan, 31-03-2020, M, 11.90, 20024680.00, 39.54
Rajasthan, 30-04-2020, M, 17.70, 15984142.00, 33.71
Rajasthan, 31-05-2020, M, 15.74, 19826602.00, 40.74
Rajasthan, 30-06-2020, M, 14.39, 20506612.00, 41.38
Rajasthan, 31-07-2020, M, 15.81, 19932393.00, 40.80
Rajasthan, 31-08-2020, M, 17.51, 20014060.00, 41.71
Rajasthan, 30-09-2020, M, 15.35, 20149594.00, 40.83
Rajasthan, 31-10-2020, M, 24.10, 19913403.00, 44.90
Rajasthan, 30-11-2020, M, 18.52, 20268396.00, 42.47
Rajasthan, 31-12-2020, M, 28.23, 19786545.00, 46.96
Rajasthan, 31-01-2021, M, 17.69, 21125626.00, 43.62
Rajasthan, 28-02-2021, M, 25.63, 20096427.00, 45.83
Rajasthan, 31-03-2021, M, 19.74, 20392741.00, 42.99
Rajasthan, 30-04-2021, M, 28.04, 19857143.00, 46.58
Rajasthan, 31-05-2021, M, 27.64, 18671874.00, 43.45
Rajasthan, 30-06-2021, M, 26.27, 20321049.00, 46.31
Rajasthan, 31-07-2021, M, 21.06, 20661802.00, 43.88
Rajasthan, 31-08-2021, M, 26.69, 20521536.00, 46.81
Rajasthan, 30-09-2021, M, 17.87, 21092269.00, 42.85
Rajasthan, 31-10-2021, M, 29.52, 20463351.00, 48.32
Rajasthan, 30-11-2021, M, 20.23, 20322679.00, 42.31
Rajasthan, 31-12-2021, M, 27.12, 20152764.00, 45.81
Rajasthan, 31-01-2022, M, 18.95, 20683321.00, 42.18
Rajasthan, 28-02-2022, M, 32.39, 19511908.00, 47.60
Rajasthan, 31-03-2022, M, 24.48, 19672111.00, 42.86
Rajasthan, 30-04-2022, M, 28.80, 20196775.00, 46.57
Rajasthan, 31-05-2022, M, 22.20, 20783118.00, 43.76
Rajasthan, 30-06-2022, M, 29.94, 19802373.00, 46.19
Rajasthan, 31-07-2022, M, 19.59, 20044206.00, 40.64
Rajasthan, 31-08-2022, M, 31.44, 19531626.00, 46.34
Rajasthan, 30-09-2022, M, 23.83, 20344916.00, 43.34
Sikkim, 31-01-2019, M, 13.24, 274484.00, 57.97
Sikkim, 28-02-2019, M, 8.30, 227220.00, 45.28
Sikkim, 31-03-2019, M, 6.80, 265777.00, 51.97
Sikkim, 30-04-2019, M, 4.79, 219201.00, 41.85
Sikkim, 31-05-2019, M, 13.31, 271818.00, 56.83
Sikkim, 30-06-2019, M, 8.99, 229429.00, 45.56
Sikkim, 31-07-2019, M, 6.81, 265454.00, 51.34
Sikkim, 31-08-2019, M, 2.06, 218190.00, 40.04
Sikkim, 30-09-2019, M, 6.41, 280086.00, 53.64
Sikkim, 31-10-2019, M, 7.10, 234662.00, 45.14
Sikkim, 30-11-2019, M, 9.71, 270177.00, 53.33
Sikkim, 31-12-2019, M, 3.34, 249682.00, 45.90
Sikkim, 31-03-2020, M, 23.57, 262895.00, 60.59
Sikkim, 30-04-2020, M, 2.28, 215303.00, 38.70
Sikkim, 31-05-2020, M, 24.51, 193427.00, 44.88
Sikkim, 30-06-2020, M, 4.46, 221058.00, 40.40
Sikkim, 31-07-2020, M, 4.45, 265175.00, 48.32
Sikkim, 31-08-2020, M, 12.49, 244462.00, 48.49
Sikkim, 30-09-2020, M, 5.70, 231798.00, 42.54
Sikkim, 31-10-2020, M, 0.88, 242068.00, 42.13
Sikkim, 30-11-2020, M, 1.85, 265087.00, 46.46
Sikkim, 31-12-2020, M, 0.67, 291263.00, 50.29
Sikkim, 31-01-2021, M, 0.00, 271163.00, 46.35
Sikkim, 28-02-2021, M, 4.29, 269144.00, 47.94
Sikkim, 31-03-2021, M, 1.74, 268111.00, 46.37
Sikkim, 30-04-2021, M, 1.80, 260191.00, 44.89
Sikkim, 31-05-2021, M, 4.19, 271870.00, 47.92
Sikkim, 30-06-2021, M, 0.00, 264393.00, 44.51
Sikkim, 31-07-2021, M, 0.00, 291920.00, 48.99
Sikkim, 31-08-2021, M, 0.00, 275861.00, 46.14
Sikkim, 31-10-2021, M, 9.98, 253543.00, 46.81
Sikkim, 30-04-2022, M, 8.67, 249365.00, 44.50
Sikkim, 31-05-2022, M, 7.52, 267699.00, 47.02
Sikkim, 30-06-2022, M, 12.69, 191149.00, 35.45
Sikkim, 31-07-2022, M, 6.47, 214996.00, 37.09
Tamil Nadu, 31-01-2019, M, 2.25, 27520190.00, 44.08
Tamil Nadu, 28-02-2019, M, 1.91, 27638278.00, 44.05
Tamil Nadu, 31-03-2019, M, 1.72, 28235810.00, 44.84
Tamil Nadu, 30-04-2019, M, 1.23, 27490694.00, 43.38
Tamil Nadu, 31-05-2019, M, 0.94, 27642770.00, 43.42
Tamil Nadu, 30-06-2019, M, 1.19, 28694054.00, 45.12
Tamil Nadu, 31-07-2019, M, 4.83, 28510351.00, 46.47
Tamil Nadu, 31-08-2019, M, 5.80, 28397017.00, 46.69
Tamil Nadu, 30-09-2019, M, 1.80, 26967205.00, 42.46
Tamil Nadu, 31-10-2019, M, 1.31, 27819597.00, 43.52
Tamil Nadu, 30-11-2019, M, 2.54, 27953384.00, 44.21
Tamil Nadu, 31-12-2019, M, 5.70, 27617321.00, 45.07
Tamil Nadu, 31-01-2020, M, 1.57, 26881641.00, 41.96
Tamil Nadu, 29-02-2020, M, 2.09, 27570589.00, 43.20
Tamil Nadu, 31-03-2020, M, 6.40, 26830768.00, 43.91
Tamil Nadu, 30-04-2020, M, 49.83, 9719167.00, 29.63
Tamil Nadu, 31-05-2020, M, 33.16, 11483256.00, 26.23
Tamil Nadu, 30-06-2020, M, 12.20, 19096847.00, 33.16
Tamil Nadu, 31-07-2020, M, 6.81, 24572827.00, 40.13
Tamil Nadu, 31-08-2020, M, 2.65, 27046415.00, 42.22
Tamil Nadu, 30-09-2020, M, 5.00, 23025845.00, 36.77
Tamil Nadu, 31-10-2020, M, 2.16, 23651626.00, 36.62
Tamil Nadu, 30-11-2020, M, 1.15, 24629525.00, 37.68
Tamil Nadu, 31-12-2020, M, 0.53, 25020860.00, 37.98
Tamil Nadu, 31-01-2021, M, 3.99, 22930424.00, 36.00
Tamil Nadu, 28-02-2021, M, 4.79, 23539357.00, 37.22
Tamil Nadu, 31-03-2021, M, 3.02, 24688097.00, 38.26
Tamil Nadu, 30-04-2021, M, 2.34, 24591402.00, 37.78
Tamil Nadu, 31-05-2021, M, 27.97, 14183803.00, 29.50
Tamil Nadu, 30-06-2021, M, 8.30, 19876121.00, 32.42
Tamil Nadu, 31-07-2021, M, 4.78, 24651814.00, 38.66
Tamil Nadu, 31-08-2021, M, 6.27, 23991586.00, 38.16
Tamil Nadu, 30-09-2021, M, 7.00, 22076645.00, 35.34
Tamil Nadu, 31-10-2021, M, 4.89, 22604681.00, 35.32
Tamil Nadu, 30-11-2021, M, 5.13, 24405134.00, 38.17
Tamil Nadu, 31-12-2021, M, 6.91, 23072393.00, 36.72
Tamil Nadu, 31-01-2022, M, 5.30, 22542644.00, 35.21
Tamil Nadu, 28-02-2022, M, 3.23, 22265049.00, 33.98
Tamil Nadu, 31-03-2022, M, 4.13, 23845915.00, 36.67
Tamil Nadu, 30-04-2022, M, 3.17, 22836874.00, 34.72
Tamil Nadu, 31-05-2022, M, 3.09, 21764549.00, 33.01
Tamil Nadu, 30-06-2022, M, 2.11, 21898382.00, 32.83
Tamil Nadu, 31-07-2022, M, 2.97, 24187335.00, 36.52
Tamil Nadu, 31-08-2022, M, 7.19, 21318737.00, 33.60
Tamil Nadu, 30-09-2022, M, 4.12, 23745704.00, 36.17
Telangana, 31-01-2019, M, 2.61, 16647293.00, 55.60
Telangana, 28-02-2019, M, 2.38, 15556530.00, 51.74
Telangana, 31-03-2019, M, 2.48, 16619084.00, 55.23
Telangana, 30-04-2019, M, 2.66, 15128939.00, 50.28
Telangana, 31-05-2019, M, 1.99, 16614003.00, 54.73
Telangana, 30-06-2019, M, 4.41, 16412169.00, 55.34
Telangana, 31-07-2019, M, 2.86, 16971193.00, 56.20
Telangana, 31-08-2019, M, 2.37, 16288655.00, 53.56
Telangana, 30-09-2019, M, 4.82, 17084091.00, 57.52
Telangana, 31-10-2019, M, 7.11, 16693687.00, 57.48
Telangana, 30-11-2019, M, 6.07, 16603948.00, 56.44
Telangana, 31-12-2019, M, 2.30, 16385834.00, 53.44
Telangana, 31-01-2020, M, 5.49, 17609295.00, 59.25
Telangana, 29-02-2020, M, 8.29, 16825970.00, 58.24
Telangana, 31-03-2020, M, 5.77, 17341613.00, 58.31
Telangana, 30-04-2020, M, 6.25, 12172230.00, 41.06
Telangana, 31-05-2020, M, 14.70, 14977774.00, 55.43
Telangana, 30-06-2020, M, 10.55, 15108910.00, 53.22
Telangana, 31-07-2020, M, 5.36, 15679417.00, 52.10
Telangana, 31-08-2020, M, 5.79, 18185429.00, 60.59
Telangana, 30-09-2020, M, 3.27, 16958984.00, 54.93
Telangana, 31-10-2020, M, 2.93, 17417825.00, 56.11
Telangana, 30-11-2020, M, 1.56, 17190976.00, 54.51
Telangana, 31-12-2020, M, 7.05, 13239092.00, 44.37
Telangana, 31-01-2021, M, 4.26, 16304175.00, 52.95
Telangana, 28-02-2021, M, 5.58, 16040348.00, 52.73
Telangana, 31-03-2021, M, 3.67, 16373619.00, 52.65
Telangana, 30-04-2021, M, 5.05, 14105009.00, 45.94
Telangana, 31-05-2021, M, 7.20, 16891260.00, 56.18
Telangana, 30-06-2021, M, 4.78, 15077504.00, 48.78
Telangana, 31-07-2021, M, 4.01, 16094158.00, 51.55
Telangana, 31-08-2021, M, 4.66, 16234011.00, 52.25
Telangana, 30-09-2021, M, 3.63, 16852051.00, 53.56
Telangana, 31-10-2021, M, 4.13, 16904140.00, 53.90
Telangana, 30-11-2021, M, 4.14, 16193012.00, 51.54
Telangana, 31-12-2021, M, 2.16, 17128340.00, 53.32
Telangana, 31-01-2022, M, 0.69, 16099871.00, 49.28
Telangana, 28-02-2022, M, 12.95, 14999753.00, 52.28
Telangana, 31-03-2022, M, 6.55, 16077052.00, 52.10
Telangana, 30-04-2022, M, 9.91, 16573703.00, 55.61
Telangana, 31-05-2022, M, 9.37, 16844961.00, 56.08
Telangana, 30-06-2022, M, 9.99, 13673720.00, 45.75
Telangana, 31-07-2022, M, 5.83, 13300384.00, 42.45
Telangana, 31-08-2022, M, 6.91, 14339051.00, 46.21
Telangana, 30-09-2022, M, 8.35, 14228204.00, 46.49
Tripura, 31-01-2019, M, 32.63, 1434823.00, 67.72
Tripura, 28-02-2019, M, 26.16, 1544426.00, 66.40
Tripura, 31-03-2019, M, 22.98, 1449641.00, 59.64
Tripura, 30-04-2019, M, 25.43, 1435520.00, 60.89
Tripura, 31-05-2019, M, 30.94, 1442676.00, 65.95
Tripura, 30-06-2019, M, 26.36, 1515751.00, 64.87
Tripura, 31-07-2019, M, 23.44, 1463180.00, 60.12
Tripura, 31-08-2019, M, 27.86, 1344478.00, 58.52
Tripura, 30-09-2019, M, 31.23, 1452452.00, 66.20
Tripura, 31-10-2019, M, 27.31, 1528572.00, 65.79
Tripura, 30-11-2019, M, 25.80, 1512333.00, 63.65
Tripura, 31-12-2019, M, 28.59, 1446305.00, 63.14
Tripura, 31-01-2020, M, 32.67, 1508130.00, 69.69
Tripura, 29-02-2020, M, 28.40, 1584686.00, 68.74
Tripura, 31-03-2020, M, 29.95, 1511217.00, 66.89
Tripura, 30-04-2020, M, 41.23, 971514.00, 51.16
Tripura, 31-05-2020, M, 21.51, 1290986.00, 50.81
Tripura, 30-06-2020, M, 21.71, 1494140.00, 58.85
Tripura, 31-07-2020, M, 18.24, 1348849.00, 50.78
Tripura, 31-08-2020, M, 27.92, 1318621.00, 56.21
Tripura, 30-09-2020, M, 17.35, 1368244.00, 50.77
Tripura, 31-10-2020, M, 11.57, 1576529.00, 54.58
Tripura, 30-11-2020, M, 13.06, 1454568.00, 51.13
Tripura, 31-12-2020, M, 18.21, 1389711.00, 51.82
Tripura, 31-01-2021, M, 18.15, 1395070.00, 51.89
Tripura, 28-02-2021, M, 11.05, 1629794.00, 55.69
Tripura, 31-03-2021, M, 13.94, 1493608.00, 52.65
Tripura, 30-04-2021, M, 17.28, 1436936.00, 52.61
Tripura, 31-05-2021, M, 19.93, 1350783.00, 50.99
Tripura, 30-06-2021, M, 9.62, 1651388.00, 55.13
Tripura, 31-07-2021, M, 13.34, 1577784.00, 54.83
Tripura, 31-08-2021, M, 15.60, 1497924.00, 53.35
Tripura, 30-09-2021, M, 15.28, 1435595.00, 50.85
Tripura, 31-10-2021, M, 9.95, 1682211.00, 55.95
Tripura, 30-11-2021, M, 13.41, 1549956.00, 53.52
Tripura, 31-12-2021, M, 14.73, 1516375.00, 53.07
Tripura, 31-01-2022, M, 17.14, 1405691.00, 50.53
Tripura, 28-02-2022, M, 9.77, 1577800.00, 52.00
Tripura, 31-03-2022, M, 14.08, 1549348.00, 53.53
Tripura, 30-04-2022, M, 14.60, 1529154.00, 53.05
Tripura, 31-05-2022, M, 17.35, 1369861.00, 49.02
Tripura, 30-06-2022, M, 9.45, 1617909.00, 52.75
Tripura, 31-07-2022, M, 13.01, 1559377.00, 52.82
Tripura, 31-08-2022, M, 16.26, 1506718.00, 52.92
Tripura, 30-09-2022, M, 17.02, 1409925.00, 49.88
Uttar Pradesh, 31-01-2019, M, 9.59, 56136714.00, 39.29
Uttar Pradesh, 28-02-2019, M, 9.52, 55641146.00, 38.83
Uttar Pradesh, 31-03-2019, M, 8.87, 57027803.00, 39.43
Uttar Pradesh, 30-04-2019, M, 11.06, 57829154.00, 40.88
Uttar Pradesh, 31-05-2019, M, 11.28, 56679062.00, 40.07
Uttar Pradesh, 30-06-2019, M, 11.25, 55900999.00, 39.42
Uttar Pradesh, 31-07-2019, M, 9.84, 56559433.00, 39.18
Uttar Pradesh, 31-08-2019, M, 12.27, 56878991.00, 40.40
Uttar Pradesh, 30-09-2019, M, 8.11, 57838879.00, 39.14
Uttar Pradesh, 31-10-2019, M, 10.22, 56771594.00, 39.23
Uttar Pradesh, 30-11-2019, M, 8.05, 57390420.00, 38.64
Uttar Pradesh, 31-12-2019, M, 9.39, 58497260.00, 39.87
Uttar Pradesh, 31-01-2020, M, 7.58, 59433759.00, 39.63
Uttar Pradesh, 29-02-2020, M, 8.98, 58060531.00, 39.23
Uttar Pradesh, 31-03-2020, M, 10.11, 56976338.00, 38.89
Uttar Pradesh, 30-04-2020, M, 21.54, 50915056.00, 39.73
Uttar Pradesh, 31-05-2020, M, 20.41, 49801902.00, 38.22
Uttar Pradesh, 30-06-2020, M, 9.47, 55380649.00, 37.29
Uttar Pradesh, 31-07-2020, M, 5.56, 56201654.00, 36.19
Uttar Pradesh, 31-08-2020, M, 5.79, 55831744.00, 35.96
Uttar Pradesh, 30-09-2020, M, 4.18, 56106836.00, 35.45
Uttar Pradesh, 31-10-2020, M, 3.75, 56539521.00, 35.49
Uttar Pradesh, 30-11-2020, M, 5.16, 56720101.00, 36.05
Uttar Pradesh, 31-12-2020, M, 14.95, 55796313.00, 39.46
Uttar Pradesh, 31-01-2021, M, 4.89, 55124290.00, 34.78
Uttar Pradesh, 28-02-2021, M, 4.10, 56568780.00, 35.33
Uttar Pradesh, 31-03-2021, M, 4.14, 55834036.00, 34.80
Uttar Pradesh, 30-04-2021, M, 6.30, 56962368.00, 36.25
Uttar Pradesh, 31-05-2021, M, 6.89, 55829255.00, 35.67
Uttar Pradesh, 30-06-2021, M, 4.32, 55933912.00, 34.70
Uttar Pradesh, 31-07-2021, M, 4.95, 55247629.00, 34.43
Uttar Pradesh, 31-08-2021, M, 6.98, 56472386.00, 35.88
Uttar Pradesh, 30-09-2021, M, 4.98, 55224547.00, 34.27
Uttar Pradesh, 31-10-2021, M, 4.22, 55516008.00, 34.10
Uttar Pradesh, 30-11-2021, M, 4.83, 56435220.00, 34.81
Uttar Pradesh, 31-12-2021, M, 4.86, 57314791.00, 35.29
Uttar Pradesh, 31-01-2022, M, 2.97, 55591271.00, 33.48
Uttar Pradesh, 28-02-2022, M, 2.71, 55367064.00, 33.19
Uttar Pradesh, 31-03-2022, M, 4.36, 55481938.00, 33.76
Uttar Pradesh, 30-04-2022, M, 2.94, 56316092.00, 33.69
Uttar Pradesh, 31-05-2022, M, 3.13, 55032093.00, 32.91
Uttar Pradesh, 30-06-2022, M, 2.75, 55312199.00, 32.88
Uttar Pradesh, 31-07-2022, M, 3.30, 55043699.00, 32.83
Uttar Pradesh, 31-08-2022, M, 3.94, 55878283.00, 33.47
Uttar Pradesh, 30-09-2022, M, 4.02, 55192446.00, 33.02
Uttarakhand, 31-01-2019, M, 3.53, 2879018.00, 35.21
Uttarakhand, 28-02-2019, M, 5.12, 2852743.00, 35.40
Uttarakhand, 31-03-2019, M, 5.00, 2852673.00, 35.28
Uttarakhand, 30-04-2019, M, 6.36, 2732098.00, 34.20
Uttarakhand, 31-05-2019, M, 3.58, 2784842.00, 33.78
Uttarakhand, 30-06-2019, M, 4.66, 2928442.00, 35.86
Uttarakhand, 31-07-2019, M, 6.10, 2860425.00, 35.48
Uttarakhand, 31-08-2019, M, 6.52, 2735347.00, 34.01
Uttarakhand, 30-09-2019, M, 5.07, 2868994.00, 35.05
Uttarakhand, 31-10-2019, M, 4.80, 2952837.00, 35.89
Uttarakhand, 30-11-2019, M, 5.80, 2912016.00, 35.70
Uttarakhand, 31-12-2019, M, 5.41, 2792345.00, 34.01
Uttarakhand, 31-01-2020, M, 5.49, 2711639.00, 32.99
Uttarakhand, 29-02-2020, M, 4.99, 3020931.00, 36.48
Uttarakhand, 31-03-2020, M, 19.85, 2539302.00, 36.27
Uttarakhand, 30-04-2020, M, 6.48, 2720115.00, 33.23
Uttarakhand, 31-05-2020, M, 8.01, 2694072.00, 33.38
Uttarakhand, 30-06-2020, M, 8.61, 2656071.00, 33.06
Uttarakhand, 31-07-2020, M, 12.38, 2938552.00, 38.07
Uttarakhand, 31-08-2020, M, 14.26, 2717528.00, 35.90
Uttarakhand, 30-09-2020, M, 22.26, 2695230.00, 39.18
Uttarakhand, 31-10-2020, M, 9.23, 2739309.00, 34.03
Uttarakhand, 30-11-2020, M, 1.47, 2447664.00, 27.95
Uttarakhand, 31-12-2020, M, 5.19, 2647822.00, 31.36
Uttarakhand, 31-01-2021, M, 4.45, 2531098.00, 29.68
Uttarakhand, 28-02-2021, M, 4.69, 2775542.00, 32.56
Uttarakhand, 31-03-2021, M, 3.26, 2511431.00, 28.96
Uttarakhand, 30-04-2021, M, 5.96, 2852350.00, 33.77
Uttarakhand, 31-05-2021, M, 5.49, 2447140.00, 28.76
Uttarakhand, 30-06-2021, M, 4.81, 2822878.00, 32.87
Uttarakhand, 31-07-2021, M, 3.17, 2531701.00, 28.92
Uttarakhand, 31-08-2021, M, 6.22, 2774922.00, 32.65
Uttarakhand, 30-09-2021, M, 4.14, 2524240.00, 29.00
Uttarakhand, 31-10-2021, M, 3.34, 2872131.00, 32.65
Uttarakhand, 30-11-2021, M, 3.12, 2605053.00, 29.48
Uttarakhand, 31-12-2021, M, 5.01, 2780810.00, 32.03
Uttarakhand, 31-01-2022, M, 3.47, 2600359.00, 29.41
Uttarakhand, 28-02-2022, M, 4.58, 2723982.00, 31.10
Uttarakhand, 31-03-2022, M, 3.51, 2464361.00, 27.76
Uttarakhand, 30-04-2022, M, 5.33, 2755947.00, 31.58
Uttarakhand, 31-05-2022, M, 2.85, 2575497.00, 28.69
Uttarakhand, 30-06-2022, M, 8.67, 2707464.00, 32.01
Uttarakhand, 30-09-2022, M, 0.54, 2854248.00, 30.79
West Bengal, 31-01-2019, M, 6.95, 34442774.00, 46.58
West Bengal, 28-02-2019, M, 6.45, 35325211.00, 47.43
West Bengal, 31-03-2019, M, 6.10, 35655928.00, 47.61
West Bengal, 30-04-2019, M, 6.55, 35642390.00, 47.73
West Bengal, 31-05-2019, M, 6.43, 34759070.00, 46.40
West Bengal, 30-06-2019, M, 6.31, 36154978.00, 48.11
West Bengal, 31-07-2019, M, 6.32, 35637632.00, 47.34
West Bengal, 31-08-2019, M, 6.12, 36381326.00, 48.13
West Bengal, 30-09-2019, M, 6.41, 35681623.00, 47.26
West Bengal, 31-10-2019, M, 7.10, 34916695.00, 46.50
West Bengal, 30-11-2019, M, 6.06, 36398814.00, 47.85
West Bengal, 31-12-2019, M, 6.25, 36241930.00, 47.65
West Bengal, 31-01-2020, M, 6.94, 35820789.00, 47.35
West Bengal, 29-02-2020, M, 4.92, 36964178.00, 47.74
West Bengal, 31-03-2020, M, 6.92, 35903917.00, 47.27
West Bengal, 30-04-2020, M, 17.41, 26938836.00, 39.90
West Bengal, 31-05-2020, M, 17.41, 28356675.00, 41.92
West Bengal, 30-06-2020, M, 7.29, 30726310.00, 40.39
West Bengal, 31-07-2020, M, 6.83, 35372506.00, 46.17
West Bengal, 31-08-2020, M, 14.87, 33298644.00, 47.48
West Bengal, 30-09-2020, M, 9.31, 35877583.00, 47.93
West Bengal, 31-10-2020, M, 10.22, 33856332.00, 45.60
West Bengal, 30-11-2020, M, 11.24, 33420675.00, 45.45
West Bengal, 31-12-2020, M, 6.01, 35829652.00, 45.93
West Bengal, 31-01-2021, M, 5.25, 36563881.00, 46.40
West Bengal, 28-02-2021, M, 6.22, 37127736.00, 47.52
West Bengal, 31-03-2021, M, 7.51, 35827410.00, 46.41
West Bengal, 30-04-2021, M, 7.63, 34849346.00, 45.11
West Bengal, 31-05-2021, M, 19.34, 28897052.00, 42.75
West Bengal, 30-06-2021, M, 22.14, 30440202.00, 46.57
West Bengal, 31-07-2021, M, 7.37, 35267884.00, 45.26
West Bengal, 31-08-2021, M, 7.41, 35376844.00, 45.34
West Bengal, 30-09-2021, M, 6.80, 36442890.00, 46.31
West Bengal, 31-10-2021, M, 5.60, 36583286.00, 45.81
West Bengal, 30-11-2021, M, 6.68, 35748702.00, 45.20
West Bengal, 31-12-2021, M, 7.33, 35652535.00, 45.31
West Bengal, 31-01-2022, M, 6.43, 36913541.00, 46.37
West Bengal, 28-02-2022, M, 6.27, 36465383.00, 45.65
West Bengal, 31-03-2022, M, 5.57, 35396256.00, 43.90
West Bengal, 30-04-2022, M, 6.25, 35900743.00, 44.76
West Bengal, 31-05-2022, M, 5.75, 37816306.00, 46.81
West Bengal, 30-06-2022, M, 5.23, 36584378.00, 44.95
West Bengal, 31-07-2022, M, 6.26, 35776902.00, 44.36
West Bengal, 31-08-2022, M, 7.39, 35811552.00, 44.85
West Bengal, 30-09-2022, M, 3.28, 36835286.00, 44.09
India, 31-01-2019, M, 6.86, 406093726.00, 43.29
India, 28-02-2019, M, 7.20, 399913970.00, 42.71
India, 31-03-2019, M, 6.65, 402600865.00, 42.66
India, 30-04-2019, M, 7.35, 399248195.00, 42.54
India, 31-05-2019, M, 7.03, 403703192.00, 42.78
India, 30-06-2019, M, 7.87, 400337390.00, 42.73
India, 31-07-2019, M, 7.34, 403064278.00, 42.69
India, 31-08-2019, M, 8.19, 403245519.00, 43.02
India, 30-09-2019, M, 7.14, 406718757.00, 42.81
India, 31-10-2019, M, 8.10, 404124236.00, 42.90
India, 30-11-2019, M, 7.23, 403049912.00, 42.30
India, 31-12-2019, M, 7.60, 405647546.00, 42.66
India, 31-01-2020, M, 7.22, 410473913.00, 42.90
India, 29-02-2020, M, 7.76, 405954169.00, 42.60
India, 31-03-2020, M, 8.75, 395840756.00, 41.90
India, 30-04-2020, M, 23.52, 282203816.00, 35.57
India, 31-05-2020, M, 21.73, 313793837.00, 38.57
India, 30-06-2020, M, 10.18, 376993536.00, 40.30
India, 31-07-2020, M, 7.40, 392341064.00, 40.61
India, 31-08-2020, M, 8.35, 392520303.00, 40.96
India, 30-09-2020, M, 6.68, 397739844.00, 40.68
India, 31-10-2020, M, 7.02, 396450375.00, 40.62
India, 30-11-2020, M, 6.50, 394133855.00, 40.08
India, 31-12-2020, M, 9.06, 388777142.00, 40.56
India, 31-01-2021, M, 6.52, 400709258.00, 40.59
India, 28-02-2021, M, 6.89, 398213434.00, 40.43
India, 31-03-2021, M, 6.50, 398145073.00, 40.17
India, 30-04-2021, M, 7.97, 390790128.00, 39.98
India, 31-05-2021, M, 11.84, 375727008.00, 40.04
India, 30-06-2021, M, 9.17, 383469051.00, 39.59
India, 31-07-2021, M, 6.96, 399714145.00, 40.21
India, 31-08-2021, M, 8.32, 397784327.00, 40.52
India, 30-09-2021, M, 6.86, 406104468.00, 40.64
India, 31-10-2021, M, 7.74, 400886546.00, 40.42
India, 30-11-2021, M, 6.97, 402664041.00, 40.19
India, 31-12-2021, M, 7.91, 406012456.00, 40.85
India, 31-01-2022, M, 6.56, 402616049.00, 39.84
India, 28-02-2022, M, 8.11, 397057157.00, 39.89
India, 31-03-2022, M, 7.57, 395969754.00, 39.46
India, 30-04-2022, M, 7.83, 402949020.00, 40.19
India, 31-05-2022, M, 7.14, 403886697.00, 39.90
India, 30-06-2022, M, 7.83, 390822128.00, 38.83
India, 31-07-2022, M, 6.83, 397050067.00, 38.94
India, 31-08-2022, M, 8.28, 394606374.00, 39.24
India, 30-09-2022, M, 6.43, 404226503.00, 39.32
