date,total_cases,total_tests,people_fully_vaccinated,total_deaths,reproduction_rate
2020-01-22,1.0,,,,
2020-01-23,1.0,,,,
2020-01-24,2.0,,,,
2020-01-25,2.0,,,,
2020-01-26,3.0,,,,
2020-01-27,4.0,,,,
2020-01-28,4.0,,,,
2020-01-29,4.0,,,,
2020-01-30,4.0,,,,
2020-01-31,11.0,,,,
2020-02-01,12.0,,,,
2020-02-02,15.0,,,,
2020-02-03,15.0,,,,
2020-02-04,16.0,,,,
2020-02-05,19.0,,,,
2020-02-06,23.0,,,,
2020-02-07,24.0,,,,
2020-02-08,24.0,745.0,,,
2020-02-09,25.0,1246.0,,,
2020-02-10,27.0,1758.0,,,
2020-02-11,28.0,2973.0,,,
2020-02-12,28.0,4272.0,,,
2020-02-13,28.0,5159.0,,,
2020-02-14,28.0,5890.0,,,
2020-02-15,28.0,6382.0,,,
2020-02-16,29.0,6809.0,,,
2020-02-17,30.0,7366.0,,,
2020-02-18,31.0,8420.0,,,
2020-02-19,31.0,9821.0,,,
2020-02-20,104.0,11850.0,,1.0,
2020-02-21,204.0,15048.0,,2.0,5.72
2020-02-22,433.0,20234.0,,2.0,5.43
2020-02-23,602.0,24827.0,,6.0,4.49
2020-02-24,833.0,31404.0,,8.0,3.77
2020-02-25,977.0,38952.0,,10.0,3.2
2020-02-26,1261.0,52201.0,,12.0,3.12
2020-02-27,1766.0,65300.0,,13.0,3.1
2020-02-28,2337.0,79815.0,,13.0,2.82
2020-02-29,3150.0,92703.0,,16.0,2.53
2020-03-01,3736.0,97569.0,,17.0,2.35
2020-03-02,4335.0,108239.0,,28.0,2.12
2020-03-03,5186.0,124499.0,,28.0,1.93
2020-03-04,5621.0,135355.0,,35.0,1.45
2020-03-05,6088.0,145189.0,,35.0,1.09
2020-03-06,6593.0,163388.0,,42.0,0.87
2020-03-07,7041.0,176837.0,,44.0,0.69
2020-03-08,7314.0,187166.0,,50.0,0.71
2020-03-09,7478.0,195266.0,,53.0,0.66
2020-03-10,7513.0,208792.0,,54.0,0.57
2020-03-11,7755.0,221043.0,,60.0,0.52
2020-03-12,7869.0,233646.0,,66.0,0.36
2020-03-13,7979.0,247295.0,,66.0,0.27
2020-03-14,8086.0,259982.0,,72.0,0.25
2020-03-15,8162.0,266860.0,,75.0,0.39
2020-03-16,8236.0,273152.0,,75.0,0.53
2020-03-17,8320.0,285364.0,,81.0,0.59
2020-03-18,8413.0,294295.0,,84.0,0.59
2020-03-19,8565.0,305672.0,,91.0,0.61
2020-03-20,8652.0,315312.0,,94.0,0.57
2020-03-21,8799.0,326157.0,,102.0,0.62
2020-03-22,8961.0,330428.0,,111.0,0.7
2020-03-23,8961.0,336684.0,,111.0,0.66
2020-03-24,9037.0,347230.0,,120.0,0.71
2020-03-25,9137.0,356544.0,,126.0,0.76
2020-03-26,9241.0,363590.0,,131.0,0.76
2020-03-27,9332.0,375609.0,,139.0,0.78
2020-03-28,9478.0,386573.0,,144.0,0.85
2020-03-29,9583.0,392789.0,,152.0,0.89
2020-03-30,9661.0,393842.0,,158.0,0.96
2020-03-31,9786.0,409212.0,,162.0,0.99
2020-04-01,9887.0,420195.0,,165.0,0.9
2020-04-02,9976.0,430391.0,,169.0,0.8
2020-04-03,10062.0,441921.0,,174.0,0.74
2020-04-04,10156.0,453680.0,,177.0,0.71
2020-04-05,10237.0,459881.0,,183.0,0.7
2020-04-06,10284.0,465452.0,,186.0,0.68
2020-04-07,10331.0,475952.0,,192.0,0.62
2020-04-08,10384.0,484651.0,,200.0,0.56
2020-04-09,10423.0,493359.0,,204.0,0.47
2020-04-10,10450.0,501699.0,,208.0,0.4
2020-04-11,10480.0,509127.0,,211.0,0.4
2020-04-12,10512.0,513270.0,,214.0,0.47
2020-04-13,10537.0,517391.0,,217.0,0.52
2020-04-14,10564.0,526086.0,,222.0,0.54
2020-04-15,10591.0,533200.0,,225.0,0.51
2020-04-16,10613.0,537423.0,,229.0,0.45
2020-04-17,10635.0,545111.0,,230.0,0.41
2020-04-18,10653.0,553482.0,,232.0,0.36
2020-04-19,10661.0,557757.0,,234.0,0.36
2020-04-20,10674.0,561683.0,,236.0,0.42
2020-04-21,10683.0,569662.0,,237.0,0.43
2020-04-22,10694.0,576607.0,,238.0,0.44
2020-04-23,10708.0,582619.0,,240.0,0.45
2020-04-24,10718.0,588168.0,,240.0,0.43
2020-04-25,10728.0,593809.0,,242.0,0.44
2020-04-26,10738.0,596933.0,,243.0,0.53
2020-04-27,10752.0,600308.0,,244.0,0.61
2020-04-28,10761.0,607162.0,,246.0,0.57
2020-04-29,10765.0,612845.0,,247.0,0.51
2020-04-30,10774.0,618529.0,,248.0,0.52
2020-05-01,10780.0,621717.0,,250.0,0.54
2020-05-02,10793.0,626210.0,,250.0,0.6
2020-05-03,10801.0,629621.0,,252.0,0.61
2020-05-04,10804.0,632569.0,,254.0,0.59
2020-05-05,10806.0,638885.0,,255.0,0.65
2020-05-06,10810.0,641743.0,,256.0,0.89
2020-05-07,10822.0,648036.0,,256.0,1.32
2020-05-08,10840.0,653511.0,,256.0,1.78
2020-05-09,10874.0,658678.0,,256.0,2.14
2020-05-10,10909.0,662534.0,,256.0,2.11
2020-05-11,10936.0,667140.0,,258.0,1.86
2020-05-12,10962.0,679538.0,,259.0,1.59
2020-05-13,10991.0,694568.0,,260.0,1.42
2020-05-14,11018.0,710132.0,,260.0,1.21
2020-05-15,11037.0,725395.0,,262.0,1.0
2020-05-16,11050.0,739293.0,,262.0,0.86
2020-05-17,11065.0,746301.0,,263.0,0.91
2020-05-18,11078.0,751859.0,,263.0,1.0
2020-05-19,11110.0,764222.0,,263.0,1.09
2020-05-20,11122.0,775081.0,,264.0,0.96
2020-05-21,11142.0,787332.0,,264.0,1.02
2020-05-22,11165.0,801066.0,,266.0,1.11
2020-05-23,11190.0,813068.0,,266.0,1.18
2020-05-24,11206.0,818937.0,,267.0,1.25
2020-05-25,11225.0,825085.0,,269.0,1.47
2020-05-26,11265.0,838123.0,,269.0,1.79
2020-05-27,11344.0,851524.0,,269.0,2.05
2020-05-28,11402.0,867314.0,,269.0,1.76
2020-05-29,11441.0,883768.0,,269.0,1.41
2020-05-30,11468.0,901549.0,,270.0,1.2
2020-05-31,11503.0,909470.0,,271.0,1.21
2020-06-01,11541.0,920039.0,,272.0,1.23
2020-06-02,11590.0,938499.0,,273.0,1.19
2020-06-03,11629.0,955500.0,,273.0,1.11
2020-06-04,11668.0,972506.0,,273.0,1.13
2020-06-05,11719.0,989608.0,,273.0,1.2
2020-06-06,11776.0,1003953.0,,273.0,1.23
2020-06-07,11814.0,1011417.0,,273.0,1.17
2020-06-08,11852.0,1016862.0,,274.0,1.13
2020-06-09,11902.0,1034645.0,,276.0,1.1
2020-06-10,11947.0,1050620.0,,276.0,1.06
2020-06-11,12003.0,1065536.0,,277.0,1.07
2020-06-12,12051.0,1080135.0,,277.0,1.0
2020-06-13,12085.0,1093352.0,,277.0,0.95
2020-06-14,12121.0,1098976.0,,277.0,1.0
2020-06-15,12155.0,1104367.0,,278.0,1.01
2020-06-16,12198.0,1118415.0,,279.0,1.05
2020-06-17,12257.0,1131471.0,,280.0,1.13
2020-06-18,12306.0,1144360.0,,280.0,1.12
2020-06-19,12373.0,1156711.0,,280.0,1.11
2020-06-20,12421.0,1169549.0,,280.0,1.02
2020-06-21,12438.0,1175111.0,,280.0,0.94
2020-06-22,12484.0,1180714.0,,281.0,0.99
2020-06-23,12535.0,1194660.0,,281.0,0.96
2020-06-24,12563.0,1207245.0,,282.0,0.89
2020-06-25,12602.0,1219126.0,,282.0,0.95
2020-06-26,12653.0,1230963.0,,282.0,1.05
2020-06-27,12715.0,1242428.0,,282.0,1.15
2020-06-28,12757.0,1250343.0,,282.0,1.14
2020-06-29,12800.0,1258602.0,,282.0,1.12
2020-06-30,12850.0,1272414.0,,282.0,1.11
2020-07-01,12904.0,1283879.0,,282.0,1.14
2020-07-02,12967.0,1294610.0,,282.0,1.16
2020-07-03,13030.0,1306409.0,,283.0,1.15
2020-07-04,13091.0,1318171.0,,283.0,1.12
2020-07-05,13137.0,1324703.0,,284.0,1.08
2020-07-06,13181.0,1330444.0,,285.0,1.05
2020-07-07,13244.0,1344842.0,,285.0,1.02
2020-07-08,13293.0,1358383.0,,287.0,0.93
2020-07-09,13338.0,1370419.0,,288.0,0.86
2020-07-10,13373.0,1383538.0,,288.0,0.83
2020-07-11,13417.0,1395589.0,,289.0,0.93
2020-07-12,13479.0,1400792.0,,289.0,1.04
2020-07-13,13512.0,1406960.0,,289.0,0.98
2020-07-14,13551.0,1419264.0,,289.0,0.95
2020-07-15,13612.0,1429964.0,,291.0,1.02
2020-07-16,13672.0,1439996.0,,293.0,0.99
2020-07-17,13711.0,1449665.0,,294.0,0.85
2020-07-18,13745.0,1458852.0,,295.0,0.85
2020-07-19,13771.0,1463947.0,,296.0,0.94
2020-07-20,13816.0,1468841.0,,296.0,1.08
2020-07-21,13879.0,1481038.0,,297.0,1.17
2020-07-22,13938.0,1490719.0,,297.0,1.19
2020-07-23,13979.0,1499502.0,,298.0,1.19
2020-07-24,14092.0,1508975.0,,298.0,1.3
2020-07-25,14150.0,1517282.0,,298.0,1.09
2020-07-26,14175.0,1521574.0,,299.0,0.91
2020-07-27,14203.0,1525622.0,,300.0,0.8
2020-07-28,14251.0,1536352.0,,300.0,0.75
2020-07-29,14269.0,1545955.0,,300.0,0.66
2020-07-30,14305.0,1554863.0,,301.0,0.69
2020-07-31,14336.0,1562444.0,,301.0,0.64
2020-08-01,14366.0,1570478.0,,301.0,0.71
2020-08-02,14389.0,1574894.0,,301.0,0.82
2020-08-03,14423.0,1578405.0,,301.0,0.9
2020-08-04,14456.0,1588428.0,,302.0,0.9
2020-08-05,14499.0,1596835.0,,302.0,0.94
2020-08-06,14519.0,1605135.0,,303.0,0.88
2020-08-07,14562.0,1612300.0,,304.0,0.94
2020-08-08,14598.0,1619162.0,,305.0,1.0
2020-08-09,14626.0,1623298.0,,305.0,1.16
2020-08-10,14660.0,1626951.0,,305.0,1.33
2020-08-11,14714.0,1636492.0,,305.0,1.58
2020-08-12,14770.0,1645300.0,,305.0,1.89
2020-08-13,14873.0,1653546.0,,305.0,2.37
2020-08-14,15039.0,1663732.0,,305.0,2.75
2020-08-15,15318.0,1673944.0,,305.0,2.91
2020-08-16,15515.0,1680435.0,,305.0,2.64
2020-08-17,15761.0,1687118.0,,306.0,2.41
2020-08-18,16058.0,1695690.0,,306.0,2.2
2020-08-19,16346.0,1713712.0,,307.0,1.99
2020-08-20,16670.0,1732731.0,,309.0,1.84
2020-08-21,17002.0,1752771.0,,309.0,1.69
2020-08-22,17399.0,1774448.0,,309.0,1.58
2020-08-23,17665.0,1789834.0,,309.0,1.48
2020-08-24,17945.0,1803070.0,,310.0,1.4
2020-08-25,18265.0,1824485.0,,312.0,1.35
2020-08-26,18706.0,1848154.0,,313.0,1.35
2020-08-27,19077.0,1868227.0,,316.0,1.23
2020-08-28,19400.0,1886365.0,,321.0,1.09
2020-08-29,19699.0,1907977.0,,323.0,1.0
2020-08-30,19947.0,1922818.0,,324.0,0.98
2020-08-31,20182.0,1936337.0,,324.0,0.92
2020-09-01,20449.0,1957728.0,,326.0,0.83
2020-09-02,20644.0,1978943.0,,329.0,0.73
2020-09-03,20842.0,1999200.0,,331.0,0.69
2020-09-04,21010.0,2020554.0,,333.0,0.66
2020-09-05,21177.0,2035693.0,,334.0,0.66
2020-09-06,21296.0,2044583.0,,336.0,0.69
2020-09-07,21432.0,2049945.0,,341.0,0.71
2020-09-08,21588.0,2064726.0,,344.0,0.71
2020-09-09,21743.0,2080882.0,,346.0,0.71
2020-09-10,21919.0,2098239.0,,350.0,0.73
2020-09-11,22055.0,2117859.0,,355.0,0.72
2020-09-12,22176.0,2134105.0,,358.0,0.71
2020-09-13,22285.0,2141918.0,,363.0,0.74
2020-09-14,22391.0,2149650.0,,367.0,0.75
2020-09-15,22504.0,2163226.0,,367.0,0.74
2020-09-16,22657.0,2177480.0,,372.0,0.77
2020-09-17,22783.0,2190540.0,,377.0,0.75
2020-09-18,22893.0,2205013.0,,378.0,0.73
2020-09-19,22975.0,2217810.0,,383.0,0.69
2020-09-20,23045.0,2225349.0,,385.0,0.7
2020-09-21,23106.0,2230237.0,,388.0,0.73
2020-09-22,23216.0,2243760.0,,388.0,0.78
2020-09-23,23341.0,2255547.0,,393.0,0.83
2020-09-24,23455.0,2267647.0,,395.0,0.81
2020-09-25,23516.0,2278924.0,,399.0,0.75
2020-09-26,23611.0,2288993.0,,401.0,0.76
2020-09-27,23661.0,2295165.0,,406.0,0.72
2020-09-28,23699.0,2299951.0,,407.0,0.73
2020-09-29,23812.0,2311692.0,,413.0,0.81
2020-09-30,23889.0,2321647.0,,415.0,0.79
2020-10-01,23952.0,2327083.0,,416.0,0.79
2020-10-02,24027.0,2332425.0,,420.0,0.84
2020-10-03,24091.0,2338507.0,,421.0,0.88
2020-10-04,24164.0,2344993.0,,422.0,0.94
2020-10-05,24239.0,2351026.0,,422.0,0.99
2020-10-06,24353.0,2364081.0,,425.0,0.99
2020-10-07,24422.0,2376721.0,,427.0,0.88
2020-10-08,24476.0,2387492.0,,428.0,0.86
2020-10-09,24548.0,2398881.0,,430.0,0.92
2020-10-10,24606.0,2403332.0,,432.0,0.99
2020-10-11,24703.0,2409131.0,,433.0,1.11
2020-10-12,24805.0,2414258.0,,434.0,1.15
2020-10-13,24889.0,2427419.0,,438.0,1.04
2020-10-14,24988.0,2440102.0,,439.0,0.98
2020-10-15,25035.0,2449387.0,,441.0,0.89
2020-10-16,25108.0,2458074.0,,443.0,0.97
2020-10-17,25199.0,2467175.0,,444.0,1.05
2020-10-18,25275.0,2473177.0,,444.0,1.03
2020-10-19,25333.0,2477874.0,,447.0,1.05
2020-10-20,25424.0,2489959.0,,450.0,1.14
2020-10-21,25543.0,2502139.0,,453.0,1.24
2020-10-22,25698.0,2513973.0,,455.0,1.28
2020-10-23,25775.0,2527269.0,,457.0,1.13
2020-10-24,25836.0,2539327.0,,457.0,1.07
2020-10-25,25955.0,2544794.0,,457.0,1.15
2020-10-26,26043.0,2550912.0,,460.0,1.14
2020-10-27,26146.0,2566235.0,,461.0,1.13
2020-10-28,26271.0,2581608.0,,462.0,1.14
2020-10-29,26385.0,2596626.0,,463.0,1.13
2020-10-30,26511.0,2610879.0,,464.0,1.18
2020-10-31,26635.0,2623140.0,,466.0,1.14
2020-11-01,26732.0,2629278.0,,468.0,1.07
2020-11-02,26807.0,2635298.0,,472.0,1.04
2020-11-03,26925.0,2648507.0,,474.0,1.06
2020-11-04,27050.0,2660908.0,,475.0,1.08
2020-11-05,27195.0,2672354.0,,476.0,1.1
2020-11-06,27284.0,2684962.0,,477.0,1.09
2020-11-07,27427.0,2695897.0,,478.0,1.17
2020-11-08,27553.0,2701528.0,,480.0,1.18
2020-11-09,27653.0,2707847.0,,485.0,1.17
2020-11-10,27799.0,2722608.0,,487.0,1.21
2020-11-11,27942.0,2735182.0,,487.0,1.25
2020-11-12,28133.0,2748420.0,,488.0,1.37
2020-11-13,28338.0,2760059.0,,492.0,1.47
2020-11-14,28546.0,2775937.0,,493.0,1.52
2020-11-15,28769.0,2785526.0,,494.0,1.57
2020-11-16,28998.0,2796339.0,,494.0,1.6
2020-11-17,29311.0,2814403.0,,496.0,1.63
2020-11-18,29654.0,2833010.0,,498.0,1.61
2020-11-19,30017.0,2852491.0,,501.0,1.56
2020-11-20,30403.0,2872091.0,,503.0,1.52
2020-11-21,30733.0,2895394.0,,505.0,1.43
2020-11-22,31004.0,2907538.0,,509.0,1.38
2020-11-23,31353.0,2920783.0,,510.0,1.41
2020-11-24,31735.0,2945047.0,,513.0,1.45
2020-11-25,32318.0,2965053.0,,515.0,1.52
2020-11-26,32887.0,2986694.0,,516.0,1.47
2020-11-27,33375.0,3008225.0,,522.0,1.36
2020-11-28,33824.0,3030652.0,,523.0,1.28
2020-11-29,34201.0,3045619.0,,526.0,1.24
2020-11-30,34652.0,3059820.0,,526.0,1.24
2020-12-01,35163.0,3082645.0,,526.0,1.24
2020-12-02,35703.0,3105618.0,,529.0,1.24
2020-12-03,36332.0,3130534.0,,536.0,1.27
2020-12-04,36915.0,3156058.0,,540.0,1.28
2020-12-05,37546.0,3179144.0,,545.0,1.3
2020-12-06,38161.0,3193515.0,,549.0,1.31
2020-12-07,38755.0,3208024.0,,552.0,1.28
2020-12-08,39432.0,3219973.0,,556.0,1.25
2020-12-09,40098.0,3251884.0,,564.0,1.24
2020-12-10,40786.0,3276595.0,,572.0,1.28
2020-12-11,41736.0,3309861.0,,578.0,1.39
2020-12-12,42766.0,3348512.0,,580.0,1.42
2020-12-13,43484.0,3373243.0,,587.0,1.36
2020-12-14,44364.0,3395687.0,,600.0,1.35
2020-12-15,45442.0,3439868.0,,612.0,1.33
2020-12-16,46453.0,3487417.0,,634.0,1.28
2020-12-17,47515.0,3537488.0,,645.0,1.25
2020-12-18,48570.0,3621287.0,,659.0,1.22
2020-12-19,49665.0,3726232.0,,674.0,1.21
2020-12-20,50591.0,3807972.0,,698.0,1.17
2020-12-21,51460.0,3864492.0,,722.0,1.12
2020-12-22,52550.0,3972814.0,,739.0,1.11
2020-12-23,53533.0,4080031.0,,756.0,1.1
2020-12-24,54770.0,4193762.0,,773.0,1.12
2020-12-25,55902.0,4311840.0,,793.0,1.09
2020-12-26,56872.0,4376054.0,,808.0,1.05
2020-12-27,57680.0,4447176.0,,819.0,1.02
2020-12-28,58725.0,4503323.0,,859.0,1.04
2020-12-29,59773.0,4611708.0,,879.0,0.99
2020-12-30,60740.0,4714203.0,,900.0,0.95
2020-12-31,61769.0,4809285.0,,917.0,0.92
2021-01-01,62593.0,4910461.0,,942.0,0.89
2021-01-02,63244.0,4963447.0,,962.0,0.88
2021-01-03,64264.0,5037010.0,,981.0,0.94
2021-01-04,64979.0,5096389.0,,1007.0,0.89
2021-01-05,65818.0,5191657.0,,1027.0,0.86
2021-01-06,66686.0,5289600.0,,1046.0,0.83
2021-01-07,67358.0,5392390.0,,1081.0,0.78
2021-01-08,67999.0,5483517.0,,1100.0,0.77
2021-01-09,68664.0,5577126.0,,1125.0,0.77
2021-01-10,69114.0,5634074.0,,1140.0,0.74
2021-01-11,69651.0,5676117.0,,1165.0,0.74
2021-01-12,70212.0,5770654.0,,1185.0,0.72
2021-01-13,70728.0,5863046.0,,1195.0,0.72
2021-01-14,71241.0,5950671.0,,1217.0,0.75
2021-01-15,71820.0,6035060.0,,1236.0,0.78
2021-01-16,72340.0,6122866.0,,1249.0,0.79
2021-01-17,72729.0,6168702.0,,1264.0,0.76
2021-01-18,73115.0,6206682.0,,1283.0,0.73
2021-01-19,73518.0,6279384.0,,1300.0,0.69
2021-01-20,73918.0,6351131.0,,1316.0,0.7
2021-01-21,74262.0,6417231.0,,1328.0,0.74
2021-01-22,74692.0,6482880.0,,1337.0,0.81
2021-01-23,75084.0,6557064.0,,1349.0,0.87
2021-01-24,75521.0,6594709.0,,1360.0,0.93
2021-01-25,75875.0,6624071.0,,1371.0,0.94
2021-01-26,76429.0,6695112.0,,1378.0,0.97
2021-01-27,76926.0,6763616.0,,1386.0,0.96
2021-01-28,77395.0,6841266.0,,1399.0,0.95
2021-01-29,77850.0,6909687.0,,1414.0,0.92
2021-01-30,78205.0,6986851.0,,1420.0,0.89
2021-01-31,78508.0,7035651.0,,1425.0,0.88
2021-02-01,78844.0,7069302.0,,1435.0,0.9
2021-02-02,79311.0,7151154.0,,1441.0,0.91
2021-02-03,79762.0,7224997.0,,1448.0,0.91
2021-02-04,80131.0,7299141.0,,1459.0,0.9
2021-02-05,80524.0,7371593.0,,1464.0,0.91
2021-02-06,80896.0,7450174.0,,1471.0,0.93
2021-02-07,81185.0,7494481.0,,1474.0,0.92
2021-02-08,81487.0,7529444.0,,1482.0,0.94
2021-02-09,81930.0,7612386.0,,1486.0,0.98
2021-02-10,82434.0,7689677.0,,1496.0,1.02
2021-02-11,82837.0,7770937.0,,1507.0,0.99
2021-02-12,83199.0,7812920.0,,1514.0,0.98
2021-02-13,83525.0,7849583.0,,1522.0,1.01
2021-02-14,83869.0,7900475.0,,1527.0,1.09
2021-02-15,84325.0,7943787.0,,1534.0,1.19
2021-02-16,84946.0,8029014.0,,1538.0,1.24
2021-02-17,85567.0,8105664.0,,1544.0,1.22
2021-02-18,86128.0,8176786.0,,1550.0,1.15
2021-02-19,86574.0,8252282.0,,1553.0,1.05
2021-02-20,86992.0,8334259.0,,1557.0,0.99
2021-02-21,87324.0,8376948.0,,1562.0,0.94
2021-02-22,87681.0,8409139.0,,1573.0,0.91
2021-02-23,88120.0,8488407.0,,1576.0,0.89
2021-02-24,88516.0,8557927.0,,1581.0,0.88
2021-02-25,88922.0,8628206.0,,1585.0,0.9
2021-02-26,89321.0,8700046.0,11133.0,1595.0,0.92
2021-02-27,89676.0,8772691.0,11349.0,1603.0,0.94
2021-02-28,90031.0,8816932.0,11452.0,1605.0,0.97
2021-03-01,90372.0,8849885.0,11712.0,1606.0,0.96
2021-03-02,90816.0,8880881.0,12009.0,1612.0,0.97
2021-03-03,91240.0,8945530.0,12320.0,1619.0,0.97
2021-03-04,91638.0,9008987.0,12832.0,1627.0,0.98
2021-03-05,92055.0,9073368.0,13248.0,1632.0,1.01
2021-03-06,92471.0,9136004.0,13410.0,1634.0,1.04
2021-03-07,92817.0,9178317.0,13509.0,1642.0,1.06
2021-03-08,93263.0,9212192.0,13771.0,1645.0,1.09
2021-03-09,93733.0,9281594.0,14243.0,1648.0,1.07
2021-03-10,94198.0,9345485.0,14816.0,1652.0,1.07
2021-03-11,94686.0,9413333.0,15481.0,1662.0,1.07
2021-03-12,95176.0,9477464.0,16072.0,1667.0,1.07
2021-03-13,95635.0,9544358.0,16281.0,1669.0,1.05
2021-03-14,96017.0,9585314.0,16417.0,1675.0,1.03
2021-03-15,96380.0,9619012.0,17599.0,1678.0,1.0
2021-03-16,96849.0,9691886.0,18640.0,1686.0,0.99
2021-03-17,97294.0,9766131.0,19556.0,1688.0,0.99
2021-03-18,97757.0,9842614.0,20452.0,1690.0,1.0
2021-03-19,98209.0,9924774.0,21464.0,1693.0,1.01
2021-03-20,98665.0,10006489.0,22005.0,1696.0,1.02
2021-03-21,99075.0,10054199.0,22453.0,1697.0,1.02
2021-03-22,99421.0,10096709.0,23222.0,1704.0,0.98
2021-03-23,99846.0,10177373.0,24531.0,1707.0,0.96
2021-03-24,100276.0,10249456.0,26165.0,1709.0,0.99
2021-03-25,100770.0,10326622.0,28134.0,1716.0,1.04
2021-03-26,101275.0,10402629.0,30253.0,1721.0,1.07
2021-03-27,101757.0,10483860.0,30648.0,1722.0,1.08
2021-03-28,102141.0,10532302.0,30906.0,1726.0,1.07
2021-03-29,102582.0,10568988.0,32358.0,1729.0,1.09
2021-03-30,103088.0,10653817.0,35132.0,1731.0,1.08
2021-03-31,103639.0,10730568.0,40566.0,1735.0,1.1
2021-04-01,104194.0,10802067.0,48609.0,1737.0,1.11
2021-04-02,104736.0,10876647.0,56320.0,1740.0,1.12
2021-04-03,105279.0,10956571.0,57309.0,1744.0,1.13
2021-04-04,105752.0,10999529.0,57614.0,1748.0,1.14
2021-04-05,106230.0,11032694.0,59397.0,1752.0,1.15
2021-04-06,106898.0,11122425.0,66948.0,1756.0,1.18
2021-04-07,107598.0,11205742.0,78246.0,1758.0,1.19
2021-04-08,108269.0,11288110.0,90244.0,1764.0,1.17
2021-04-09,108945.0,11374163.0,100156.0,1765.0,1.16
2021-04-10,109559.0,11465260.0,102478.0,1768.0,1.14
2021-04-11,110146.0,11514384.0,102972.0,1770.0,1.13
2021-04-12,110688.0,11555337.0,105480.0,1775.0,1.11
2021-04-13,111419.0,11646810.0,107310.0,1782.0,1.1
2021-04-14,112117.0,11733388.0,108338.0,1788.0,1.07
2021-04-15,112789.0,11819318.0,109303.0,1790.0,1.05
2021-04-16,113444.0,11900022.0,110649.0,1794.0,1.05
2021-04-17,114115.0,11984392.0,111365.0,1797.0,1.06
2021-04-18,114646.0,12026115.0,111809.0,1801.0,1.05
2021-04-19,115195.0,12061129.0,112743.0,1802.0,1.05
2021-04-20,115926.0,12146457.0,113954.0,1806.0,1.06
2021-04-21,116661.0,12227382.0,115445.0,1808.0,1.08
2021-04-22,117458.0,12308824.0,135214.0,1811.0,1.09
2021-04-23,118243.0,12396267.0,156003.0,1812.0,1.07
2021-04-24,118887.0,12493546.0,162705.0,1813.0,1.02
2021-04-25,119387.0,12542287.0,163677.0,1817.0,0.99
2021-04-26,119898.0,12578903.0,186212.0,1820.0,0.98
2021-04-27,120673.0,12677604.0,209238.0,1821.0,0.99
2021-04-28,121351.0,12768072.0,231092.0,1825.0,0.97
2021-04-29,122007.0,12851214.0,262495.0,1828.0,0.95
2021-04-30,122634.0,12933634.0,294658.0,1831.0,0.94
2021-05-01,123240.0,13011221.0,303559.0,1833.0,0.95
2021-05-02,123728.0,13050781.0,304856.0,1834.0,0.96
2021-05-03,124269.0,13085416.0,337167.0,1840.0,0.96
2021-05-04,124945.0,13168991.0,370123.0,1847.0,0.93
2021-05-05,125519.0,13246544.0,396744.0,1851.0,0.91
2021-05-06,126044.0,13286555.0,471564.0,1860.0,0.91
2021-05-07,126745.0,13376738.0,549999.0,1865.0,0.97
2021-05-08,127309.0,13468952.0,578792.0,1874.0,0.98
2021-05-09,127772.0,13515759.0,584381.0,1875.0,0.98
2021-05-10,128283.0,13552928.0,662957.0,1879.0,1.0
2021-05-11,128918.0,13643650.0,744525.0,1884.0,1.02
2021-05-12,129633.0,13727896.0,828214.0,1891.0,1.06
2021-05-13,130380.0,13815979.0,907256.0,1893.0,1.08
2021-05-14,131061.0,13906340.0,988554.0,1896.0,1.06
2021-05-15,131671.0,13999626.0,1019694.0,1900.0,1.05
2021-05-16,132290.0,14049683.0,1025490.0,1903.0,1.05
2021-05-17,132818.0,14086913.0,1126350.0,1904.0,1.01
2021-05-18,133471.0,14174511.0,1268229.0,1912.0,0.96
2021-05-19,134117.0,14251755.0,1361664.0,1916.0,0.94
2021-05-20,134678.0,14293817.0,1572501.0,1922.0,0.94
2021-05-21,135344.0,14387127.0,1798102.0,1926.0,0.98
2021-05-22,135929.0,14474003.0,1834764.0,1931.0,1.0
2021-05-23,136467.0,14522645.0,1838000.0,1934.0,1.0
2021-05-24,136983.0,14560816.0,1943356.0,1938.0,1.0
2021-05-25,137682.0,14649286.0,2037742.0,1940.0,0.97
2021-05-26,138311.0,14733470.0,2106379.0,1943.0,0.94
2021-05-27,138898.0,14816150.0,2162764.0,1946.0,0.91
2021-05-28,139431.0,14896914.0,2228946.0,1951.0,0.89
2021-05-29,139910.0,14971526.0,2238638.0,1957.0,0.91
2021-05-30,140340.0,15013223.0,2239309.0,1959.0,0.95
2021-05-31,140799.0,15042751.0,2267375.0,1963.0,0.99
2021-06-01,141476.0,15122547.0,2294879.0,1965.0,1.03
2021-06-02,142157.0,15202890.0,2318738.0,1968.0,1.06
2021-06-03,142852.0,15282607.0,2345739.0,1969.0,1.08
2021-06-04,143596.0,15361858.0,2377401.0,1971.0,1.08
2021-06-05,144152.0,15442067.0,2381026.0,1973.0,1.03
2021-06-06,144637.0,15487453.0,2381826.0,1974.0,0.99
2021-06-07,145091.0,15517979.0,2403593.0,1975.0,0.95
2021-06-08,145692.0,15598346.0,2430485.0,1977.0,0.92
2021-06-09,146303.0,15673474.0,2455653.0,1979.0,0.92
2021-06-10,146859.0,15746119.0,2745054.0,1981.0,0.9
2021-06-11,147422.0,15817586.0,2984131.0,1982.0,0.9
2021-06-12,147874.0,15887100.0,3105087.0,1985.0,0.9
2021-06-13,148273.0,15923488.0,3118521.0,1988.0,0.9
2021-06-14,148647.0,15951094.0,3377292.0,1992.0,0.89
2021-06-15,149191.0,16022131.0,3586731.0,1993.0,0.89
2021-06-16,149731.0,16090587.0,3869851.0,1994.0,0.9
2021-06-17,150238.0,16157319.0,4000061.0,1996.0,0.9
2021-06-18,150720.0,16229693.0,4129574.0,1997.0,0.91
2021-06-19,151149.0,16296355.0,4167257.0,2002.0,0.94
2021-06-20,151506.0,16335133.0,4169734.0,2004.0,0.97
2021-06-21,151901.0,16361230.0,4287961.0,2006.0,1.02
2021-06-22,152545.0,16434421.0,4414439.0,2007.0,1.08
2021-06-23,153155.0,16502332.0,4535528.0,2008.0,1.11
2021-06-24,153789.0,16567331.0,4644440.0,2009.0,1.15
2021-06-25,154457.0,16630243.0,4742804.0,2012.0,1.17
2021-06-26,155071.0,16704047.0,4767965.0,2013.0,1.18
2021-06-27,155572.0,16752758.0,4770011.0,2015.0,1.19
2021-06-28,156167.0,16787333.0,4915666.0,2017.0,1.21
2021-06-29,156961.0,16867655.0,5061680.0,2018.0,1.2
2021-06-30,157723.0,16933823.0,5199921.0,2021.0,1.2
2021-07-01,158549.0,17019206.0,5322002.0,2024.0,1.22
2021-07-02,159342.0,17096378.0,5444477.0,2025.0,1.23
2021-07-03,160084.0,17176324.0,5462761.0,2026.0,1.25
2021-07-04,160795.0,17223407.0,5464043.0,2028.0,1.29
2021-07-05,161541.0,17258113.0,5541852.0,2032.0,1.35
2021-07-06,162753.0,17351666.0,5634150.0,2033.0,1.42
2021-07-07,164028.0,17441165.0,5724761.0,2034.0,1.45
2021-07-08,165344.0,17564041.0,5832656.0,2036.0,1.46
2021-07-09,166722.0,17684067.0,5983075.0,2038.0,1.44
2021-07-10,168046.0,17815225.0,6023755.0,2043.0,1.4
2021-07-11,169146.0,17897376.0,6025658.0,2044.0,1.35
2021-07-12,170296.0,17954513.0,6120852.0,2046.0,1.32
2021-07-13,171911.0,18094510.0,6232459.0,2048.0,1.29
2021-07-14,173511.0,18232672.0,6356420.0,2050.0,1.26
2021-07-15,175046.0,18377584.0,6500848.0,2051.0,1.22
2021-07-16,176500.0,18525295.0,6687019.0,2055.0,1.2
2021-07-17,177951.0,18663382.0,6725156.0,2057.0,1.19
2021-07-18,179203.0,18753407.0,6726632.0,2058.0,1.18
2021-07-19,180481.0,18823407.0,6799765.0,2059.0,1.17
2021-07-20,182265.0,18978600.0,6863045.0,2060.0,1.16
2021-07-21,184103.0,19126293.0,6905027.0,2063.0,1.15
2021-07-22,185733.0,19265994.0,6967067.0,2066.0,1.11
2021-07-23,187362.0,19403489.0,7029519.0,2068.0,1.1
2021-07-24,188848.0,19543365.0,7042551.0,2073.0,1.09
2021-07-25,190166.0,19635717.0,7043974.0,2077.0,1.09
2021-07-26,191531.0,19702870.0,7111390.0,2079.0,1.08
2021-07-27,193427.0,19859675.0,7162290.0,2083.0,1.06
2021-07-28,195099.0,20001915.0,7207137.0,2085.0,1.03
2021-07-29,196806.0,20138536.0,7252752.0,2089.0,1.02
2021-07-30,198345.0,20276978.0,7315241.0,2095.0,1.0
2021-07-31,199787.0,20421727.0,7330373.0,2098.0,1.0
2021-08-01,201002.0,20511425.0,7332055.0,2099.0,1.0
2021-08-02,202203.0,20577236.0,7370341.0,2104.0,1.0
2021-08-03,203926.0,20725530.0,7479604.0,2106.0,1.01
2021-08-04,205702.0,20865857.0,7591793.0,2109.0,1.04
2021-08-05,207406.0,21004508.0,7720688.0,2113.0,1.07
2021-08-06,209228.0,21140893.0,7878592.0,2116.0,1.1
2021-08-07,210956.0,21288127.0,7915954.0,2121.0,1.12
2021-08-08,212448.0,21396948.0,7919375.0,2125.0,1.13
2021-08-09,213987.0,21480002.0,8095076.0,2134.0,1.13
2021-08-10,216206.0,21643179.0,8266294.0,2135.0,1.13
2021-08-11,218192.0,21785344.0,8431202.0,2138.0,1.1
2021-08-12,220182.0,21935701.0,9139049.0,2144.0,1.08
2021-08-13,222111.0,22097028.0,9761147.0,2148.0,1.07
2021-08-14,223928.0,22265345.0,9944807.0,2156.0,1.06
2021-08-15,225481.0,22385385.0,9951171.0,2167.0,1.04
2021-08-16,226854.0,22473798.0,10209202.0,2173.0,1.0
2021-08-17,228657.0,22586396.0,10706422.0,2178.0,0.99
2021-08-18,230808.0,22758295.0,11027658.0,2191.0,1.03
2021-08-19,232859.0,22926540.0,11322577.0,2197.0,1.03
2021-08-20,234739.0,23090990.0,11657123.0,2202.0,1.01
2021-08-21,236366.0,23278598.0,11781916.0,2215.0,1.0
2021-08-22,237782.0,23389187.0,11784930.0,2222.0,1.0
2021-08-23,239287.0,23475829.0,12505306.0,2228.0,1.01
2021-08-24,241439.0,23640634.0,13110942.0,2237.0,1.01
2021-08-25,243317.0,23797567.0,13590264.0,2257.0,0.98
2021-08-26,245158.0,23970700.0,14017744.0,2265.0,0.97
2021-08-27,246951.0,24155110.0,14569672.0,2276.0,0.97
2021-08-28,248568.0,24335584.0,14826262.0,2279.0,0.98
2021-08-29,250051.0,24459017.0,14842776.0,2284.0,0.99
2021-08-30,251421.0,24554726.0,15443431.0,2285.0,0.99
2021-08-31,253445.0,24732104.0,15974682.0,2292.0,0.99
2021-09-01,255401.0,24907708.0,16510591.0,2303.0,0.98
2021-09-02,257110.0,25102515.0,17011516.0,2308.0,0.96
2021-09-03,258913.0,25289515.0,17711775.0,2315.0,0.96
2021-09-04,260404.0,25476645.0,17973412.0,2321.0,0.97
2021-09-05,261778.0,25598292.0,17982266.0,2327.0,1.0
2021-09-06,263374.0,25693508.0,18617960.0,2330.0,1.04
2021-09-07,265423.0,25866767.0,19040341.0,2334.0,1.05
2021-09-08,267470.0,26017912.0,19348611.0,2343.0,1.05
2021-09-09,269362.0,26171906.0,19641847.0,2348.0,1.03
2021-09-10,271227.0,26320769.0,20060872.0,2358.0,1.01
2021-09-11,272982.0,26479306.0,20274165.0,2359.0,1.02
2021-09-12,274415.0,26594629.0,20300363.0,2360.0,1.02
2021-09-13,275910.0,26683788.0,20724394.0,2367.0,1.02
2021-09-14,277989.0,26850431.0,20950109.0,2380.0,1.04
2021-09-15,279930.0,26997696.0,21391215.0,2386.0,1.04
2021-09-16,281938.0,27151874.0,21706064.0,2389.0,1.04
2021-09-17,284022.0,27302889.0,22152239.0,2394.0,1.05
2021-09-18,285931.0,27452083.0,22343479.0,2404.0,1.06
2021-09-19,287536.0,27548378.0,22369948.0,2409.0,1.05
2021-09-20,289263.0,27623610.0,22384732.0,2413.0,1.04
2021-09-21,290983.0,27716043.0,22389829.0,2419.0,1.02
2021-09-22,292699.0,27827235.0,22406710.0,2427.0,1.07
2021-09-23,295132.0,28004036.0,22784740.0,2434.0,1.21
2021-09-24,298402.0,28256212.0,23201165.0,2441.0,1.33
2021-09-25,301172.0,28483063.0,23417699.0,2450.0,1.32
2021-09-26,303553.0,28652619.0,23442157.0,2456.0,1.27
2021-09-27,305842.0,28793010.0,24155371.0,2464.0,1.2
2021-09-28,308725.0,29010786.0,24847062.0,2474.0,1.14
2021-09-29,311289.0,29201290.0,25374945.0,2481.0,1.05
2021-09-30,313773.0,29387553.0,25918365.0,2497.0,0.99
2021-10-01,316020.0,29559292.0,26781175.0,2504.0,0.94
2021-10-02,318105.0,29727943.0,27189171.0,2507.0,0.93
2021-10-03,319777.0,29840053.0,27222973.0,2513.0,0.92
2021-10-04,321352.0,29932591.0,27433880.0,2524.0,0.9
2021-10-05,323379.0,30050519.0,28201591.0,2536.0,0.9
2021-10-06,325804.0,30215502.0,28713839.0,2544.0,0.91
2021-10-07,327976.0,30378454.0,29426084.0,2554.0,0.89
2021-10-08,329925.0,30537449.0,30526744.0,2560.0,0.86
2021-10-09,331519.0,30686159.0,30631409.0,2575.0,0.84
2021-10-10,332816.0,30789266.0,30649971.0,2583.0,0.84
2021-10-11,334163.0,30877871.0,30816959.0,2594.0,0.83
2021-10-12,335742.0,30991413.0,31419209.0,2605.0,0.82
2021-10-13,337679.0,31151580.0,31831864.0,2618.0,0.84
2021-10-14,339361.0,31285204.0,32290786.0,2626.0,0.84
2021-10-15,340978.0,31417632.0,33012836.0,2644.0,0.84
2021-10-16,342396.0,31553850.0,33368815.0,2660.0,0.83
2021-10-17,343445.0,31647479.0,33388861.0,2668.0,0.84
2021-10-18,344518.0,31720668.0,34020380.0,2689.0,0.84
2021-10-19,346088.0,31860706.0,34468402.0,2698.0,0.84
2021-10-20,347529.0,31992494.0,34793500.0,2709.0,0.85
2021-10-21,348969.0,32121090.0,35203202.0,2725.0,0.88
2021-10-22,350476.0,32252540.0,35838176.0,2745.0,0.93
2021-10-23,351899.0,32383600.0,36172892.0,2766.0,0.98
2021-10-24,353089.0,32473437.0,36190081.0,2773.0,1.03
2021-10-25,354355.0,32550757.0,36624229.0,2788.0,1.08
2021-10-26,356305.0,32694818.0,36906387.0,2797.0,1.14
2021-10-27,358412.0,32835359.0,37165881.0,2808.0,1.19
2021-10-28,360536.0,32975855.0,37790588.0,2817.0,1.21
2021-10-29,362639.0,33128278.0,38493851.0,2830.0,1.21
2021-10-30,364700.0,33274237.0,38853011.0,2849.0,1.2
2021-10-31,366386.0,33381571.0,38874535.0,2858.0,1.19
2021-11-01,367974.0,33485085.0,38994419.0,2874.0,1.19
2021-11-02,370640.0,33654272.0,39082716.0,2892.0,1.2
2021-11-03,373120.0,33801380.0,39159487.0,2916.0,1.17
2021-11-04,375464.0,33951433.0,39284523.0,2936.0,1.14
2021-11-05,377712.0,34104661.0,39447912.0,2956.0,1.11
2021-11-06,379935.0,34260134.0,39511285.0,2967.0,1.1
2021-11-07,381694.0,34369687.0,39515847.0,2980.0,1.08
2021-11-08,383407.0,34451653.0,39680477.0,2998.0,1.07
2021-11-09,385831.0,34611352.0,39807245.0,3012.0,1.05
2021-11-10,388351.0,34761254.0,39915289.0,3033.0,1.06
2021-11-11,390719.0,34917511.0,40024669.0,3051.0,1.07
2021-11-12,393042.0,35065229.0,40174952.0,3083.0,1.09
2021-11-13,395460.0,35218173.0,40276535.0,3103.0,1.12
2021-11-14,397466.0,35326914.0,40279990.0,3115.0,1.15
2021-11-15,399591.0,35414019.0,40369309.0,3137.0,1.18
2021-11-16,402775.0,35591010.0,40417465.0,3158.0,1.21
2021-11-17,406065.0,35752841.0,40484793.0,3187.0,1.22
2021-11-18,409099.0,35922888.0,40545968.0,3215.0,1.22
2021-11-19,412311.0,36092747.0,40624306.0,3244.0,1.22
2021-11-20,415425.0,36282075.0,40663605.0,3274.0,1.23
2021-11-21,418252.0,36413972.0,40665946.0,3298.0,1.24
2021-11-22,420950.0,36524452.0,40754527.0,3328.0,1.24
2021-11-23,425065.0,36728832.0,40799048.0,3363.0,1.23
2021-11-24,429002.0,36922791.0,40861153.0,3401.0,1.22
2021-11-25,432901.0,37121432.0,40929136.0,3440.0,1.22
2021-11-26,436968.0,37331022.0,41017467.0,3492.0,1.22
2021-11-27,440896.0,37541393.0,41063709.0,3548.0,1.22
2021-11-28,444200.0,37682146.0,41065795.0,3580.0,1.21
2021-11-29,447230.0,37801300.0,41172662.0,3624.0,1.21
2021-11-30,452350.0,38030965.0,41222254.0,3659.0,1.24
2021-12-01,457612.0,38242074.0,41288659.0,3705.0,1.27
2021-12-02,462555.0,38461007.0,41350157.0,3739.0,1.27
2021-12-03,467907.0,38699494.0,41441877.0,3809.0,1.28
2021-12-04,473034.0,38961856.0,41495394.0,3852.0,1.28
2021-12-05,477358.0,39140636.0,41497522.0,3893.0,1.29
2021-12-06,482310.0,39296884.0,41564297.0,3957.0,1.32
2021-12-07,489484.0,39570562.0,41607056.0,4020.0,1.33
2021-12-08,496584.0,39844240.0,41659475.0,4077.0,1.31
2021-12-09,503606.0,40126838.0,41715225.0,4130.0,1.29
2021-12-10,510583.0,40408988.0,41791384.0,4210.0,1.26
2021-12-11,517271.0,40698385.0,41826282.0,4253.0,1.24
2021-12-12,523088.0,40896164.0,41827870.0,4293.0,1.21
2021-12-13,528652.0,41063779.0,41891525.0,4387.0,1.18
2021-12-14,536495.0,41349536.0,41935940.0,4456.0,1.15
2021-12-15,544117.0,41623404.0,41994411.0,4518.0,1.12
2021-12-16,551551.0,41913134.0,42056881.0,4591.0,1.1
2021-12-17,558864.0,42207124.0,42137948.0,4644.0,1.08
2021-12-18,565098.0,42492915.0,42178849.0,4722.0,1.04
2021-12-19,570414.0,42689922.0,42180739.0,4776.0,1.02
2021-12-20,575615.0,42854622.0,42234543.0,4828.0,1.0
2021-12-21,583065.0,43133061.0,42272966.0,4906.0,0.98
2021-12-22,589978.0,43388452.0,42312376.0,5015.0,0.95
2021-12-23,596209.0,43651454.0,42347160.0,5071.0,0.92
2021-12-24,602045.0,43918072.0,42390912.0,5176.0,0.9
2021-12-25,607463.0,44179236.0,42396018.0,5245.0,0.89
2021-12-26,611670.0,44345205.0,42397802.0,5300.0,0.87
2021-12-27,615532.0,44475584.0,42462867.0,5346.0,0.84
2021-12-28,620938.0,44703027.0,42506824.0,5382.0,0.8
2021-12-29,625967.0,44906984.0,42553603.0,5455.0,0.79
2021-12-30,630838.0,45107581.0,42600041.0,5563.0,0.79
2021-12-31,635253.0,45323897.0,42658657.0,5625.0,0.79
2022-01-01,639083.0,45550324.0,42663632.0,5694.0,0.8
2022-01-02,642207.0,45709676.0,42666105.0,5730.0,0.8
2022-01-03,645226.0,45868248.0,42745730.0,5781.0,0.8
2022-01-04,649669.0,46107095.0,42801181.0,5838.0,0.79
2022-01-05,653792.0,46309713.0,42877239.0,5887.0,0.79
2022-01-06,657508.0,46502622.0,42962753.0,5932.0,0.79
2022-01-07,661015.0,46705025.0,43070457.0,5986.0,0.82
2022-01-08,664391.0,46927923.0,43141318.0,6037.0,0.86
2022-01-09,667390.0,47083776.0,43146085.0,6071.0,0.91
2022-01-10,670483.0,47209902.0,43255892.0,6114.0,0.94
2022-01-11,674868.0,47410374.0,43329414.0,6166.0,0.96
2022-01-12,679030.0,47586646.0,43410511.0,6210.0,0.98
2022-01-13,683566.0,47750655.0,43487720.0,6259.0,1.03
2022-01-14,687984.0,47939321.0,43578948.0,6281.0,1.07
2022-01-15,692174.0,48142018.0,43608328.0,6310.0,1.11
2022-01-16,696032.0,48287214.0,43611776.0,6333.0,1.16
2022-01-17,700102.0,48410371.0,43683129.0,6378.0,1.21
2022-01-18,705902.0,48607024.0,43729775.0,6452.0,1.26
2022-01-19,712503.0,48799004.0,43775058.0,6480.0,1.33
2022-01-20,719269.0,49003947.0,43819853.0,6501.0,1.38
2022-01-21,726274.0,49222287.0,43878917.0,6529.0,1.43
2022-01-22,733902.0,49469110.0,43896941.0,6540.0,1.51
2022-01-23,741413.0,49659134.0,43898914.0,6565.0,1.59
2022-01-24,749979.0,49827634.0,43939687.0,6588.0,1.67
2022-01-25,762983.0,50103977.0,43969114.0,6620.0,1.76
2022-01-26,777497.0,50381755.0,43993848.0,6654.0,1.8
2022-01-27,793582.0,50673950.0,44019061.0,6678.0,1.8
2022-01-28,811122.0,50964667.0,44056307.0,6712.0,1.78
2022-01-29,828637.0,51308124.0,44078861.0,6732.0,1.73
2022-01-30,845709.0,51527352.0,44080260.0,6755.0,1.69
2022-01-31,864042.0,51723416.0,44081264.0,6772.0,1.64
2022-02-01,884310.0,51948366.0,44081465.0,6787.0,1.57
2022-02-02,907214.0,52161826.0,44082329.0,6812.0,1.61
2022-02-03,934656.0,52448302.0,44135110.0,6836.0,1.72
2022-02-04,971018.0,52642713.0,44170787.0,6858.0,1.83
2022-02-05,1009688.0,52828727.0,44188887.0,6873.0,1.85
2022-02-06,1044963.0,52964262.0,44189853.0,6886.0,1.8
2022-02-07,1081681.0,53254582.0,44212325.0,6922.0,1.74
2022-02-08,1131239.0,53858182.0,44228518.0,6943.0,1.69
2022-02-09,1185361.0,54447332.0,44241543.0,6963.0,1.65
2022-02-10,1239287.0,54930589.0,44255505.0,7012.0,1.59
2022-02-11,1294205.0,55502062.0,44275238.0,7045.0,1.56
2022-02-12,1350630.0,56053835.0,44287500.0,7081.0,1.56
2022-02-13,1405246.0,56382252.0,44288109.0,7102.0,1.58
2022-02-14,1462421.0,56666685.0,44301768.0,7163.0,1.61
2022-02-15,1552851.0,57358276.0,44312513.0,7202.0,1.64
2022-02-16,1645978.0,58031685.0,44322185.0,7238.0,1.66
2022-02-17,1755806.0,58612309.0,44332266.0,7283.0,1.67
2022-02-18,1858009.0,59323802.0,44347598.0,7354.0,1.62
2022-02-19,1962837.0,60015103.0,44357142.0,7405.0,1.59
2022-02-20,2058184.0,60482717.0,44357731.0,7450.0,1.58
2022-02-21,2157734.0,60876040.0,44363317.0,7508.0,1.59
2022-02-22,2329182.0,61768349.0,44367274.0,7607.0,1.62
2022-02-23,2499188.0,62610974.0,44370971.0,7689.0,1.59
2022-02-24,2665077.0,63500790.0,44381447.0,7783.0,1.52
2022-02-25,2831283.0,64356800.0,44395409.0,7895.0,1.47
2022-02-26,2994841.0,65178472.0,44403909.0,7944.0,1.43
2022-02-27,3134456.0,65735490.0,44404366.0,8058.0,1.39
2022-02-28,3273449.0,66192724.0,44412702.0,8170.0,1.37
2022-03-01,3492686.0,67261310.0,44413068.0,8266.0,1.37
2022-03-02,3691488.0,67811931.0,44417457.0,8394.0,1.39
2022-03-03,3958326.0,68667670.0,44421739.0,8580.0,1.48
2022-03-04,4212652.0,69538871.0,44429476.0,8796.0,1.46
2022-03-05,4456264.0,70376190.0,44435111.0,8957.0,1.43
2022-03-06,4666977.0,70939322.0,44435314.0,9096.0,1.4
2022-03-07,4869691.0,71441570.0,44441213.0,9282.0,1.36
2022-03-08,5212118.0,72537591.0,44446451.0,9440.0,1.38
2022-03-09,5539650.0,73507344.0,44447725.0,9646.0,1.36
2022-03-10,5822626.0,74150788.0,44454159.0,9875.0,1.36
2022-03-11,6206277.0,75305113.0,44468149.0,10144.0,1.42
2022-03-12,6556453.0,76292751.0,44473565.0,10395.0,1.42
2022-03-13,6866222.0,76996901.0,44473672.0,10595.0,1.41
2022-03-14,7228550.0,77561275.0,44478611.0,10888.0,1.38
2022-03-15,7629275.0,78583368.0,44481968.0,11052.0,1.34
2022-03-16,8250592.0,79300065.0,44484456.0,11481.0,1.38
2022-03-17,8657609.0,79910063.0,44487198.0,11782.0,1.25
2022-03-18,9038938.0,80583082.0,44492888.0,12101.0,1.14
2022-03-19,9373646.0,81177093.0,44494822.0,12428.0,1.07
2022-03-20,9582815.0,81557309.0,44494860.0,12757.0,1.04
2022-03-21,9936540.0,81946728.0,44497178.0,13141.0,1.05
2022-03-22,10427247.0,82765207.0,44498439.0,13432.0,1.05
2022-03-23,10822836.0,83367274.0,44499739.0,13902.0,0.99
2022-03-24,11162232.0,83891121.0,44501298.0,14294.0,0.96
2022-03-25,11497711.0,84482165.0,44504175.0,14617.0,0.95
2022-03-26,11815841.0,85002151.0,44505293.0,14899.0,0.95
2022-03-27,12003054.0,85343949.0,44505327.0,15186.0,0.94
2022-03-28,12350428.0,85680135.0,44510491.0,15423.0,0.95
2022-03-29,12774956.0,86377436.0,44514268.0,15855.0,0.93
2022-03-30,13095631.0,86861445.0,44515549.0,16230.0,0.87
2022-03-31,13375818.0,87274658.0,44518938.0,16590.0,0.84
2022-04-01,13639915.0,87750169.0,44524956.0,16929.0,0.82
2022-04-02,13874216.0,88148517.0,44527346.0,17235.0,0.81
2022-04-03,14001406.0,88399282.0,44527392.0,17453.0,0.8
2022-04-04,14267401.0,88635543.0,44530051.0,17662.0,0.79
2022-04-05,14553644.0,89176552.0,44531935.0,18033.0,0.77
2022-04-06,14778405.0,89542392.0,44533593.0,18381.0,0.75
2022-04-07,14983694.0,89851391.0,44535521.0,18754.0,0.74
2022-04-08,15169189.0,90228854.0,44539474.0,19092.0,0.73
2022-04-09,15333670.0,90537467.0,44540821.0,19421.0,0.73
2022-04-10,15424598.0,90726176.0,44540843.0,19679.0,0.73
2022-04-11,15635274.0,90903655.0,44542488.0,19850.0,0.73
2022-04-12,15830644.0,91325287.0,44543816.0,20034.0,0.69
2022-04-13,15979061.0,91595491.0,44545124.0,20352.0,0.65
2022-04-14,16104869.0,91810197.0,44546700.0,20616.0,0.62
2022-04-15,16212751.0,92090495.0,44549936.0,20889.0,0.61
2022-04-16,16305752.0,92308130.0,44551148.0,21092.0,0.61
2022-04-17,16353495.0,92419808.0,44551169.0,21224.0,0.61
2022-04-18,16471940.0,92518821.0,44552172.0,21354.0,0.6
2022-04-19,16583220.0,92834293.0,44553114.0,21520.0,0.59
2022-04-20,16674045.0,93035363.0,44554259.0,21667.0,0.6
2022-04-21,16755055.0,93190988.0,44555740.0,21873.0,0.58
2022-04-22,16830469.0,93426005.0,44559746.0,22024.0,0.61
2022-04-23,16895194.0,93603807.0,44561077.0,22133.0,0.61
2022-04-24,16929564.0,93695578.0,44561106.0,22243.0,0.61
2022-04-25,17009865.0,93774134.0,44562346.0,22243.0,0.58
2022-04-26,17086626.0,94041670.0,44563395.0,22466.0,0.55
2022-04-27,17086626.0,94216759.0,44564538.0,22466.0,0.53
2022-04-28,17194616.0,94336537.0,44565906.0,22724.0,0.69
2022-04-29,17237878.0,94536904.0,44569176.0,22794.0,0.64
2022-04-30,17275649.0,94686057.0,44570311.0,22875.0,0.61
2022-05-01,17295733.0,94762273.0,44570329.0,22958.0,0.61
2022-05-02,17346753.0,94819749.0,44571296.0,23007.0,0.6
2022-05-03,17395791.0,95042015.0,44572273.0,23079.0,0.6
2022-05-04,17438068.0,95189175.0,44573220.0,23158.0,0.63
2022-05-05,17464782.0,95323075.0,44573282.0,23206.0,0.61
2022-05-06,17504334.0,95381455.0,44575876.0,23289.0,0.7
2022-05-07,17544398.0,95589734.0,44576639.0,23360.0,0.76
2022-05-08,17564999.0,95661628.0,44576650.0,23400.0,0.77
2022-05-09,17614895.0,95721435.0,44577552.0,23462.0,0.78
2022-05-10,17658794.0,95949742.0,44578384.0,23491.0,0.76
2022-05-11,17694677.0,96110594.0,44579299.0,23554.0,0.75
2022-05-12,17727086.0,96216039.0,44580232.0,23606.0,0.72
2022-05-13,17756627.0,96402183.0,44582207.0,23661.0,0.72
2022-05-14,17782061.0,96540738.0,44582960.0,23709.0,0.72
2022-05-15,17795357.0,96607166.0,44582971.0,23744.0,0.73
2022-05-16,17830429.0,96659392.0,44583740.0,23771.0,0.73
2022-05-17,17861744.0,96873782.0,44584430.0,23802.0,0.73
2022-05-18,17889849.0,97031605.0,44585201.0,23842.0,0.74
2022-05-19,17914957.0,97127444.0,44586052.0,23885.0,0.73
2022-05-20,17938399.0,97313124.0,44587978.0,23911.0,0.73
2022-05-21,17957697.0,97450078.0,44588767.0,23965.0,0.73
2022-05-22,17967672.0,97515028.0,44588782.0,23987.0,0.72
2022-05-23,17993985.0,97564776.0,44589544.0,24006.0,0.71
2022-05-24,18017923.0,97768864.0,44590260.0,24029.0,0.69
2022-05-25,18036720.0,97918365.0,44591221.0,24063.0,0.68
2022-05-26,18053287.0,98000999.0,44593111.0,24103.0,0.66
2022-05-27,18067669.0,98172829.0,44599751.0,24139.0,0.65
2022-05-28,18080323.0,98296605.0,44602796.0,24158.0,0.66
2022-05-29,18086462.0,98348758.0,44602820.0,24167.0,0.66
2022-05-30,18103638.0,98387685.0,44604321.0,24176.0,0.65
2022-05-31,18119415.0,98576028.0,44605648.0,24197.0,0.62
2022-06-01,18129313.0,98723238.0,44606111.0,24212.0,0.62
2022-06-02,18141835.0,98763870.0,44607908.0,24229.0,0.67
2022-06-03,18153851.0,98943128.0,44614142.0,24238.0,0.69
2022-06-04,18163686.0,99063675.0,44616545.0,24258.0,0.69
2022-06-05,18168708.0,99112418.0,44616569.0,24279.0,0.66
2022-06-06,18174880.0,99149303.0,44616725.0,24299.0,0.61
2022-06-07,18188200.0,99204769.0,44617724.0,24305.0,0.69
2022-06-08,18200346.0,99453120.0,44619289.0,24323.0,0.75
2022-06-09,18209650.0,99543669.0,44620589.0,24341.0,0.75
2022-06-10,18218078.0,99705595.0,44625109.0,24351.0,0.75
2022-06-11,18225460.0,99839152.0,44626758.0,24371.0,0.75
2022-06-12,18229288.0,99892703.0,44626776.0,24388.0,0.75
2022-06-13,18239056.0,99929036.0,44627652.0,24390.0,0.74
2022-06-14,18248479.0,100124007.0,44628321.0,24399.0,0.72
2022-06-15,18256457.0,100269452.0,44629194.0,24407.0,0.74
2022-06-16,18263643.0,,44630092.0,24416.0,0.76
2022-06-17,18270481.0,,44633171.0,24427.0,0.79
2022-06-18,18276552.0,,44634376.0,24441.0,0.82
2022-06-19,18280090.0,,44634387.0,24451.0,0.85
2022-06-20,18289373.0,,44635017.0,24463.0,0.86
2022-06-21,18298341.0,,44635629.0,24474.0,0.86
2022-06-22,18305783.0,,44636277.0,24488.0,0.87
2022-06-23,18312993.0,,44637061.0,24498.0,0.9
2022-06-24,18319773.0,,44639460.0,24516.0,0.93
2022-06-25,18326019.0,,44640564.0,24522.0,0.97
2022-06-26,18329448.0,,44640575.0,24525.0,1.01
2022-06-27,18339319.0,,44641100.0,24530.0,1.05
2022-06-28,18349756.0,,44641646.0,24537.0,1.1
2022-06-29,18359341.0,,44642312.0,24547.0,1.16
2022-06-30,18368857.0,,44642701.0,24555.0,1.22
2022-07-01,18379552.0,,44644318.0,24562.0,1.3
2022-07-02,18389611.0,,44645043.0,24570.0,1.36
2022-07-03,18395864.0,,44645054.0,24574.0,1.43
2022-07-04,18413997.0,,44645536.0,24576.0,1.53
2022-07-05,18433359.0,,44645979.0,24583.0,1.57
2022-07-06,18451862.0,,44646539.0,24593.0,1.58
2022-07-07,18471172.0,,44647132.0,24605.0,1.6
2022-07-08,18491435.0,,44648543.0,24624.0,1.61
2022-07-09,18511845.0,,44649247.0,24643.0,1.63
2022-07-10,18524538.0,,44649256.0,24661.0,1.68
2022-07-11,18561861.0,,44649752.0,24668.0,1.78
2022-07-12,18602109.0,,44650133.0,24680.0,1.79
2022-07-13,18641278.0,,44650592.0,24696.0,1.76
2022-07-14,18680142.0,,44651112.0,24712.0,1.71
2022-07-15,18721415.0,,44652342.0,24728.0,1.68
2022-07-16,18761757.0,,44652901.0,24742.0,1.67
2022-07-17,18788056.0,,44652906.0,24753.0,1.7
2022-07-18,18861593.0,,44653374.0,24765.0,1.75
2022-07-19,18937971.0,,44653806.0,24777.0,1.71
2022-07-20,19009080.0,,44654378.0,24794.0,1.64
2022-07-21,19077659.0,,44654970.0,24825.0,1.56
2022-07-22,19146180.0,,44656286.0,24855.0,1.49
2022-07-23,19211613.0,,44656869.0,24873.0,1.45
2022-07-24,19247496.0,,44656876.0,24890.0,1.41
2022-07-25,19346764.0,,44657396.0,24907.0,1.4
2022-07-26,19446946.0,,44657904.0,24932.0,1.36
2022-07-27,19535242.0,,44658313.0,24957.0,1.32
2022-07-28,19620517.0,,44658797.0,24992.0,1.28
2022-07-29,19702461.0,,44659764.0,25027.0,1.26
2022-07-30,19776050.0,,44660134.0,25047.0,1.24
2022-07-31,19820739.0,,44660138.0,25068.0,1.25
2022-08-01,19932439.0,,44660575.0,25084.0,1.25
2022-08-02,20052305.0,,44660959.0,25110.0,1.25
2022-08-03,20160154.0,,44661380.0,25144.0,1.26
2022-08-04,20273011.0,,44661838.0,25191.0,1.29
2022-08-05,20383621.0,,44662663.0,25236.0,1.29
2022-08-06,20489128.0,,44663021.0,25263.0,1.28
2022-08-07,20544420.0,,44663025.0,25292.0,1.26
2022-08-08,20694239.0,,44663497.0,25332.0,1.27
2022-08-09,20845973.0,,44663903.0,25382.0,1.22
2022-08-10,20983169.0,,44664363.0,25441.0,1.19
2022-08-11,21111840.0,,44664772.0,25499.0,1.18
2022-08-12,21236355.0,,44665597.0,25566.0,1.16
2022-08-13,21355958.0,,44665937.0,25623.0,1.13
2022-08-14,21418036.0,,44665944.0,25673.0,1.07
2022-08-15,21502164.0,,44665990.0,25710.0,1.01
2022-08-16,21682816.0,,44666344.0,25752.0,1.15
2022-08-17,21861296.0,,44666734.0,25813.0,1.19
2022-08-18,22000037.0,,44667162.0,25896.0,1.14
2022-08-19,22129387.0,,44667971.0,25980.0,1.09
2022-08-20,22240331.0,,44668285.0,26044.0,1.05
2022-08-21,22299377.0,,44668287.0,26109.0,1.01
2022-08-22,22449475.0,,44668681.0,26161.0,0.97
2022-08-23,22588640.0,,44668985.0,26224.0,0.9
2022-08-24,22701921.0,,44669356.0,26332.0,0.85
2022-08-25,22802985.0,,44669739.0,26413.0,0.85
2022-08-26,22898523.0,,44670471.0,26499.0,0.86
2022-08-27,22983818.0,,44670779.0,26569.0,0.87
2022-08-28,23026960.0,,44670781.0,26618.0,0.86
2022-08-29,23142479.0,,44671134.0,26689.0,0.84
2022-08-30,23246398.0,,44671405.0,26764.0,0.8
2022-08-31,23327897.0,,44671708.0,26876.0,0.75
2022-09-01,23417425.0,,44672016.0,26940.0,0.81
2022-09-02,23497048.0,,44672681.0,27014.0,0.85
2022-09-03,23569192.0,,44673027.0,27093.0,0.87
2022-09-04,23606740.0,,44673034.0,27149.0,0.85
2022-09-05,23706477.0,,44673265.0,27193.0,0.84
2022-09-06,23791961.0,,44673528.0,27249.0,0.8
2022-09-07,23864560.0,,44673930.0,27313.0,0.69
2022-09-08,23933949.0,,44674307.0,27381.0,0.72
2022-09-09,23976673.0,,44674364.0,27429.0,0.69
2022-09-10,24004887.0,,44674365.0,27476.0,0.69
2022-09-11,24041825.0,,44674366.0,27498.0,0.75
2022-09-12,24099134.0,,44674438.0,27533.0,0.75
2022-09-13,24099134.0,,44674839.0,27533.0,0.8
2022-09-14,24264470.0,,44675329.0,27665.0,1.16
2022-09-15,24316302.0,,44675786.0,27725.0,0.99
2022-09-16,24359702.0,,44676877.0,27782.0,0.86
2022-09-17,24394466.0,,44677455.0,27828.0,0.77
2022-09-18,24413873.0,,44677458.0,27867.0,0.72
2022-09-19,24461737.0,,44677839.0,27891.0,0.67
2022-09-20,24502968.0,,44678185.0,27950.0,0.63
2022-09-21,24535940.0,,44678493.0,28009.0,0.54
2022-09-22,24565021.0,,44678839.0,28077.0,0.62
2022-09-23,24594336.0,,44679573.0,28140.0,0.68
2022-09-24,24620128.0,,44679923.0,28213.0,0.72
2022-09-25,24634296.0,,44679924.0,28246.0,0.75
2022-09-26,24673663.0,,44680254.0,28272.0,0.77
2022-09-27,24709789.0,,44680536.0,28318.0,0.74
2022-09-28,24740635.0,,44680926.0,28364.0,0.71
2022-09-29,24769101.0,,44681300.0,28406.0,0.75
2022-09-30,24796014.0,,44682142.0,28445.0,0.78
2022-10-01,24819611.0,,44682491.0,28489.0,0.78
2022-10-02,24831761.0,,44682501.0,28509.0,0.75
2022-10-03,24848184.0,,44682536.0,28528.0,0.71
2022-10-04,24882894.0,,44682880.0,28544.0,0.78
2022-10-05,24911497.0,,44683248.0,28573.0,0.78
2022-10-06,24933756.0,,44683625.0,28614.0,0.78
2022-10-07,24953135.0,,44684394.0,28646.0,0.78
2022-10-08,24970789.0,,44684778.0,28675.0,0.79
2022-10-09,24979770.0,,44684785.0,28698.0,0.79
2022-10-10,24995246.0,,44684847.0,28708.0,0.79
2022-10-11,25025749.0,,44685196.0,28723.0,0.9
2022-10-12,25052677.0,,44685516.0,28748.0,0.96
2022-10-13,25076239.0,,44685863.0,28783.0,0.99
2022-10-14,25098996.0,,44686729.0,28808.0,1.01
2022-10-15,25120465.0,,44687105.0,28840.0,1.03
2022-10-16,25131505.0,,44687117.0,28851.0,1.05
2022-10-17,25164695.0,,44687429.0,28856.0,1.09
2022-10-18,25194177.0,,44687703.0,28899.0,1.04
2022-10-19,25219546.0,,44688039.0,28922.0,1.03
2022-10-20,25244255.0,,44688335.0,28952.0,1.07
2022-10-21,25271078.0,,44689042.0,28974.0,1.12
2022-10-22,25297334.0,,44689414.0,28990.0,1.17
2022-10-23,25311636.0,,44689417.0,29000.0,1.22
2022-10-24,25355350.0,,44689659.0,29017.0,1.29
2022-10-25,25396155.0,,44689884.0,29043.0,1.26
2022-10-26,25431105.0,,44690159.0,29069.0,1.23
2022-10-27,25466992.0,,44690428.0,29100.0,
2022-10-28,25504288.0,,44691067.0,29131.0,
2022-10-29,25538799.0,,44691345.0,29158.0,
2022-10-30,25557309.0,,44691351.0,29176.0,
2022-10-31,25615667.0,,44691551.0,29209.0,
2022-11-01,25670407.0,,44691776.0,29239.0,
2022-11-02,25717277.0,,44691987.0,29280.0,
2022-11-03,25760701.0,,44692242.0,29315.0,
2022-11-04,25801564.0,,44692630.0,29354.0,
2022-11-05,25838239.0,,44692803.0,29372.0,
2022-11-06,25856910.0,,44692803.0,29390.0,
2022-11-07,25919183.0,,44692975.0,29420.0,
